id,terrestrial_date,sol,ls,month,min_temp,pressure
2,2012-08-16,10 days,155,6,-75.0,739.0
13,2012-08-17,11 days,156,6,-76.0,740.0
24,2012-08-18,12 days,156,6,-76.0,741.0
35,2012-08-19,13 days,157,6,-74.0,732.0
46,2012-08-20,14 days,157,6,-74.0,740.0
57,2012-08-21,15 days,158,6,-78.0,740.0
68,2012-08-22,16 days,158,6,-77.0,740.0
79,2012-08-23,17 days,159,6,-76.0,742.0
112,2012-08-27,21 days,161,6,-74.0,741.0
114,2012-08-28,22 days,162,6,-74.0,742.0
123,2012-08-29,23 days,162,6,-75.0,741.0
134,2012-08-30,24 days,163,6,-75.0,742.0
145,2012-08-31,25 days,163,6,-75.0,743.0
156,2012-09-01,26 days,164,6,-76.0,745.0
163,2012-09-02,27 days,164,6,-75.0,743.0
170,2012-09-03,28 days,165,6,-75.0,745.0
171,2012-09-04,29 days,166,6,-75.0,747.0
172,2012-09-05,30 days,166,6,-74.0,747.0
173,2012-09-06,31 days,167,6,-74.0,745.0
175,2012-09-08,33 days,168,6,-73.0,748.0
176,2012-09-10,34 days,168,6,-73.0,748.0
177,2012-09-11,35 days,169,6,-73.0,749.0
178,2012-09-12,36 days,169,6,-73.0,750.0
179,2012-09-13,37 days,170,6,-73.0,750.0
180,2012-09-14,38 days,171,6,-73.0,750.0
181,2012-09-15,39 days,171,6,-75.0,751.0
182,2012-09-16,40 days,172,6,-75.0,753.0
183,2012-09-17,41 days,172,6,-75.0,753.0
184,2012-09-18,42 days,173,6,-75.0,754.0
185,2012-09-19,43 days,173,6,-74.0,756.0
186,2012-09-20,44 days,174,6,-75.0,757.0
187,2012-09-21,45 days,175,6,-74.0,758.0
188,2012-09-22,46 days,175,6,-74.0,758.0
189,2012-09-23,47 days,176,6,-75.0,758.0
190,2012-09-24,48 days,176,6,-75.0,759.0
191,2012-09-25,49 days,177,6,-74.0,761.0
192,2012-09-26,50 days,177,6,-72.0,761.0
193,2012-09-27,51 days,178,6,-76.0,762.0
194,2012-09-28,52 days,179,6,-74.0,762.0
195,2012-09-29,53 days,179,6,-71.0,764.0
196,2012-09-30,54 days,180,7,-72.0,766.0
197,2012-10-01,55 days,180,7,-74.0,766.0
198,2012-10-02,56 days,181,7,-73.0,768.0
199,2012-10-03,57 days,181,7,-73.0,769.0
200,2012-10-04,58 days,182,7,-74.0,769.0
201,2012-10-05,59 days,183,7,-76.0,771.0
202,2012-10-06,60 days,183,7,-75.0,772.0
203,2012-10-07,61 days,184,7,-72.0,772.0
204,2012-10-08,62 days,184,7,-72.0,774.0
205,2012-10-09,63 days,185,7,-73.0,775.0
206,2012-10-10,64 days,186,7,-74.0,776.0
207,2012-10-11,65 days,186,7,-72.0,777.0
208,2012-10-12,66 days,187,7,-73.0,778.0
209,2012-10-13,67 days,187,7,-73.0,780.0
210,2012-10-14,68 days,188,7,-71.0,781.0
211,2012-10-15,69 days,189,7,-73.0,778.0
212,2012-10-17,70 days,189,7,-72.0,783.0
213,2012-10-18,71 days,190,7,-71.0,784.0
214,2012-10-19,72 days,190,7,-73.0,785.0
215,2012-10-20,73 days,191,7,-70.0,788.0
216,2012-10-21,74 days,192,7,-72.0,790.0
217,2012-10-22,75 days,192,7,-73.0,791.0
218,2012-10-23,76 days,193,7,-73.0,792.0
219,2012-10-24,77 days,193,7,-71.0,792.0
220,2012-10-25,78 days,194,7,-71.0,793.0
221,2012-10-26,79 days,195,7,-73.0,795.0
222,2012-10-27,80 days,195,7,-70.0,796.0
223,2012-10-28,81 days,196,7,-72.0,798.0
224,2012-10-29,82 days,196,7,-72.0,799.0
225,2012-10-30,83 days,197,7,-72.0,801.0
226,2012-10-31,84 days,198,7,-70.0,801.0
227,2012-11-01,85 days,198,7,-71.0,805.0
228,2012-11-02,86 days,199,7,-71.0,808.0
229,2012-11-03,87 days,199,7,-70.0,808.0
230,2012-11-04,88 days,200,7,-70.0,811.0
231,2012-11-05,89 days,201,7,-73.0,813.0
233,2012-11-06,90 days,201,7,-71.0,813.0
234,2012-11-07,91 days,202,7,-74.0,817.0
235,2012-11-08,92 days,202,7,-74.0,820.0
236,2012-11-09,93 days,203,7,-72.0,819.0
237,2012-11-10,94 days,204,7,-70.0,822.0
238,2012-11-11,95 days,204,7,-68.0,822.0
239,2012-11-12,96 days,205,7,-71.0,826.0
240,2012-11-13,97 days,206,7,-68.0,828.0
241,2012-11-14,98 days,206,7,-68.0,828.0
242,2012-11-15,99 days,207,7,-68.0,829.0
3,2012-11-16,100 days,207,7,-66.0,829.0
4,2012-11-17,101 days,208,7,-65.0,830.0
5,2012-11-18,102 days,209,7,-67.0,833.0
6,2012-11-19,103 days,209,7,-66.0,836.0
7,2012-11-20,104 days,210,8,-67.0,838.0
8,2012-11-21,105 days,211,8,-66.0,839.0
9,2012-11-23,106 days,211,8,-66.0,841.0
10,2012-11-24,107 days,212,8,-66.0,844.0
11,2012-11-25,108 days,212,8,-65.0,845.0
12,2012-11-26,109 days,213,8,-64.0,844.0
14,2012-11-27,110 days,214,8,-65.0,848.0
15,2012-11-28,111 days,214,8,-66.0,849.0
16,2012-11-29,112 days,215,8,-65.0,852.0
17,2012-11-30,113 days,216,8,-66.0,857.0
18,2012-12-01,114 days,216,8,-69.0,857.0
19,2012-12-02,115 days,217,8,-66.0,857.0
20,2012-12-03,116 days,217,8,-67.0,859.0
21,2012-12-04,117 days,218,8,-66.0,861.0
22,2012-12-05,118 days,219,8,-65.0,864.0
23,2012-12-06,119 days,219,8,-66.0,866.0
25,2012-12-07,120 days,220,8,-67.0,867.0
26,2012-12-08,121 days,221,8,-66.0,869.0
27,2012-12-09,122 days,221,8,-65.0,869.0
28,2012-12-10,123 days,222,8,-66.0,875.0
29,2012-12-11,124 days,223,8,-66.0,876.0
30,2012-12-12,125 days,223,8,-68.0,880.0
31,2012-12-13,126 days,224,8,-66.0,880.0
32,2012-12-14,127 days,224,8,-67.0,884.0
33,2012-12-15,128 days,225,8,-67.0,883.0
34,2012-12-16,129 days,226,8,-65.0,886.0
36,2012-12-17,130 days,226,8,-65.0,888.0
37,2012-12-18,131 days,227,8,-65.0,889.0
38,2012-12-19,132 days,228,8,-65.0,890.0
39,2012-12-20,133 days,228,8,-65.0,891.0
40,2012-12-21,134 days,229,8,-67.0,893.0
41,2012-12-22,135 days,230,8,-65.0,894.0
42,2012-12-23,136 days,230,8,-65.0,897.0
43,2012-12-24,137 days,231,8,-64.0,896.0
44,2012-12-25,138 days,232,8,-65.0,899.0
45,2012-12-26,139 days,232,8,-66.0,899.0
47,2012-12-27,140 days,233,8,-66.0,903.0
48,2012-12-28,141 days,233,8,-64.0,904.0
49,2012-12-29,142 days,234,8,-65.0,906.0
50,2012-12-31,143 days,235,8,-63.0,908.0
51,2013-01-01,144 days,235,8,-64.0,907.0
52,2013-01-02,145 days,236,8,-64.0,909.0
53,2013-01-03,146 days,237,8,-65.0,908.0
54,2013-01-04,147 days,237,8,-65.0,914.0
55,2013-01-05,148 days,238,8,-65.0,912.0
56,2013-01-06,149 days,239,8,-65.0,914.0
58,2013-01-07,150 days,239,8,-64.0,913.0
59,2013-01-08,151 days,240,9,-65.0,915.0
60,2013-01-09,152 days,241,9,-63.0,914.0
61,2013-01-10,153 days,241,9,-65.0,915.0
62,2013-01-11,154 days,242,9,-65.0,917.0
63,2013-01-12,155 days,243,9,-64.0,917.0
64,2013-01-13,156 days,243,9,-65.0,922.0
65,2013-01-14,157 days,244,9,-64.0,920.0
66,2013-01-15,158 days,245,9,-66.0,922.0
67,2013-01-16,159 days,245,9,-65.0,918.0
69,2013-01-17,160 days,246,9,-67.0,919.0
70,2013-01-18,161 days,246,9,-65.0,919.0
71,2013-01-19,162 days,247,9,-65.0,919.0
72,2013-01-20,163 days,248,9,-65.0,919.0
73,2013-01-21,164 days,248,9,-64.0,919.0
74,2013-01-22,165 days,249,9,-65.0,922.0
75,2013-01-23,166 days,250,9,-65.0,922.0
76,2013-01-24,167 days,250,9,-65.0,920.0
77,2013-01-25,168 days,251,9,-66.0,923.0
78,2013-01-26,169 days,252,9,-66.0,922.0
80,2013-01-27,170 days,252,9,-66.0,925.0
81,2013-01-28,171 days,253,9,-67.0,925.0
82,2013-01-29,172 days,254,9,-67.0,923.0
83,2013-01-30,173 days,254,9,-67.0,920.0
84,2013-01-31,174 days,255,9,-67.0,921.0
85,2013-02-01,175 days,256,9,-68.0,921.0
86,2013-02-02,176 days,256,9,-67.0,920.0
87,2013-02-03,177 days,257,9,-66.0,921.0
88,2013-02-04,178 days,258,9,-66.0,920.0
89,2013-02-06,179 days,258,9,-66.0,920.0
91,2013-02-07,180 days,259,9,-67.0,919.0
92,2013-02-08,181 days,260,9,-67.0,918.0
93,2013-02-09,182 days,260,9,-67.0,921.0
94,2013-02-10,183 days,261,9,-67.0,921.0
95,2013-02-11,184 days,261,9,-67.0,923.0
96,2013-02-12,185 days,262,9,-67.0,923.0
97,2013-02-13,186 days,263,9,-66.0,922.0
98,2013-02-14,187 days,263,9,-67.0,921.0
99,2013-02-15,188 days,264,9,-68.0,920.0
100,2013-02-16,189 days,265,9,-68.0,920.0
102,2013-02-17,190 days,265,9,-66.0,917.0
103,2013-02-18,191 days,266,9,-67.0,921.0
106,2013-02-23,196 days,269,9,-66.0,916.0
107,2013-02-24,197 days,270,10,-68.0,915.0
108,2013-02-25,198 days,271,10,-67.0,914.0
109,2013-02-26,199 days,271,10,-66.0,917.0
116,2013-03-23,223 days,287,10,-71.0,895.0
117,2013-03-24,224 days,287,10,-69.0,894.0
118,2013-03-25,225 days,288,10,-71.0,894.0
119,2013-03-26,226 days,288,10,-70.0,894.0
120,2013-03-27,227 days,289,10,-70.0,892.0
121,2013-03-28,228 days,290,10,-71.0,894.0
122,2013-03-29,229 days,290,10,-69.0,894.0
124,2013-03-30,230 days,291,10,-69.0,888.0
125,2013-03-31,231 days,292,10,-71.0,890.0
126,2013-04-01,232 days,292,10,-69.0,888.0
127,2013-04-02,233 days,293,10,-69.0,889.0
128,2013-04-03,234 days,293,10,-69.0,890.0
129,2013-04-04,235 days,294,10,-70.0,886.0
130,2013-04-05,236 days,295,10,-72.0,886.0
131,2013-04-06,237 days,295,10,-71.0,883.0
132,2013-04-07,238 days,296,10,-70.0,885.0
133,2013-04-08,239 days,297,10,-73.0,885.0
135,2013-04-09,240 days,297,10,-70.0,884.0
136,2013-04-10,241 days,298,10,-72.0,884.0
137,2013-04-11,242 days,298,10,-70.0,881.0
138,2013-04-12,243 days,299,10,-71.0,884.0
139,2013-04-13,244 days,300,11,-69.0,878.0
140,2013-04-14,245 days,300,11,-70.0,879.0
141,2013-04-15,246 days,301,11,-73.0,878.0
142,2013-04-16,247 days,301,11,-71.0,873.0
143,2013-04-17,248 days,302,11,-70.0,877.0
144,2013-04-18,249 days,303,11,-69.0,873.0
146,2013-04-19,250 days,303,11,-70.0,877.0
147,2013-04-20,251 days,304,11,-71.0,876.0
148,2013-04-22,252 days,304,11,-71.0,874.0
149,2013-04-23,253 days,305,11,-71.0,877.0
150,2013-04-24,254 days,306,11,-70.0,871.0
151,2013-04-25,255 days,306,11,-69.0,877.0
152,2013-04-26,256 days,307,11,-70.0,871.0
153,2013-04-27,257 days,308,11,-70.0,871.0
154,2013-04-28,258 days,308,11,-71.0,869.0
155,2013-04-29,259 days,309,11,-72.0,871.0
157,2013-04-30,260 days,309,11,-70.0,875.0
158,2013-05-01,261 days,310,11,-70.0,868.0
161,2013-05-08,268 days,314,11,-70.0,864.0
162,2013-05-09,269 days,315,11,-72.0,866.0
164,2013-05-10,270 days,315,11,-67.0,863.0
165,2013-05-11,271 days,316,11,-69.0,864.0
166,2013-05-12,272 days,316,11,-71.0,864.0
167,2013-05-13,273 days,317,11,-70.0,861.0
168,2013-05-14,274 days,318,11,-70.0,861.0
169,2013-05-15,275 days,318,11,-67.0,860.0
244,2013-05-16,276 days,319,11,-69.0,858.0
245,2013-05-17,277 days,319,11,-69.0,857.0
246,2013-05-18,278 days,320,11,-67.0,855.0
247,2013-05-19,279 days,321,11,-68.0,856.0
248,2013-05-20,280 days,321,11,-69.0,856.0
249,2013-05-21,281 days,322,11,-68.0,855.0
250,2013-05-22,282 days,322,11,-72.0,856.0
251,2013-05-23,283 days,323,11,-68.0,854.0
252,2013-05-24,284 days,323,11,-71.0,854.0
253,2013-05-25,285 days,324,11,-70.0,852.0
254,2013-05-26,286 days,325,11,-71.0,854.0
255,2013-05-27,287 days,325,11,-72.0,856.0
256,2013-05-29,288 days,326,11,-69.0,854.0
257,2013-05-30,289 days,326,11,-71.0,854.0
258,2013-05-31,290 days,327,11,-71.0,853.0
259,2013-06-01,291 days,327,11,-70.0,853.0
260,2013-06-02,292 days,328,11,-71.0,853.0
261,2013-06-03,293 days,329,11,-72.0,850.0
262,2013-06-04,294 days,329,11,-72.0,852.0
263,2013-06-05,295 days,330,12,-71.0,853.0
264,2013-06-06,296 days,330,12,-71.0,850.0
265,2013-06-07,297 days,331,12,-72.0,849.0
266,2013-06-08,298 days,331,12,-72.0,850.0
267,2013-06-09,299 days,332,12,-71.0,849.0
286,2013-06-10,300 days,333,12,-72.0,852.0
276,2013-06-11,301 days,333,12,-73.0,852.0
287,2013-06-12,302 days,334,12,-71.0,850.0
283,2013-06-13,303 days,334,12,-71.0,849.0
281,2013-06-14,304 days,335,12,-70.0,848.0
275,2013-06-15,305 days,335,12,-71.0,847.0
280,2013-06-16,306 days,336,12,-71.0,848.0
279,2013-06-17,307 days,336,12,-72.0,851.0
282,2013-06-18,308 days,337,12,-73.0,850.0
284,2013-06-19,309 days,338,12,-72.0,848.0
278,2013-06-20,310 days,338,12,-71.0,849.0
277,2013-06-21,311 days,339,12,-74.0,846.0
285,2013-06-22,312 days,339,12,-71.0,845.0
274,2013-06-23,313 days,340,12,-77.0,849.0
272,2013-06-24,314 days,340,12,-73.0,848.0
273,2013-06-25,315 days,341,12,-74.0,850.0
288,2013-06-26,316 days,341,12,-74.0,851.0
268,2013-06-27,317 days,342,12,-72.0,849.0
270,2013-06-28,318 days,342,12,-74.0,849.0
271,2013-06-29,319 days,343,12,-73.0,847.0
269,2013-06-30,320 days,344,12,-74.0,846.0
289,2013-07-01,321 days,344,12,-75.0,847.0
291,2013-07-02,322 days,345,12,-74.0,849.0
290,2013-07-03,323 days,345,12,-74.0,847.0
292,2013-07-04,324 days,346,12,-75.0,850.0
294,2013-07-06,325 days,346,12,-74.0,847.0
295,2013-07-07,326 days,347,12,-72.0,848.0
296,2013-07-08,327 days,347,12,-74.0,848.0
293,2013-07-09,328 days,348,12,-75.0,847.0
298,2013-07-10,329 days,348,12,-74.0,847.0
297,2013-07-11,330 days,349,12,-75.0,848.0
303,2013-07-12,331 days,349,12,-74.0,848.0
300,2013-07-13,332 days,350,12,-76.0,849.0
299,2013-07-14,333 days,350,12,-75.0,849.0
301,2013-07-15,334 days,351,12,-74.0,852.0
302,2013-07-16,335 days,352,12,-76.0,852.0
305,2013-07-17,336 days,352,12,-76.0,852.0
304,2013-07-18,337 days,353,12,-75.0,853.0
306,2013-07-19,338 days,353,12,-78.0,848.0
308,2013-07-20,339 days,354,12,-76.0,849.0
307,2013-07-21,340 days,354,12,-76.0,851.0
310,2013-07-22,341 days,355,12,-77.0,852.0
309,2013-07-23,342 days,355,12,-76.0,851.0
311,2013-07-24,343 days,356,12,-77.0,850.0
317,2013-07-25,344 days,356,12,-77.0,851.0
312,2013-07-26,345 days,357,12,-77.0,853.0
314,2013-07-27,346 days,357,12,-76.0,853.0
313,2013-07-28,347 days,358,12,-77.0,851.0
315,2013-07-29,348 days,358,12,-74.0,850.0
316,2013-07-30,349 days,359,12,-75.0,852.0
318,2013-07-31,350 days,359,12,-76.0,853.0
320,2013-08-01,351 days,0,1,-75.0,853.0
319,2013-08-02,352 days,0,1,-77.0,854.0
323,2013-08-03,353 days,1,1,-75.0,855.0
322,2013-08-04,354 days,1,1,-75.0,857.0
321,2013-08-05,355 days,2,1,-75.0,857.0
324,2013-08-06,356 days,2,1,-77.0,856.0
325,2013-08-07,357 days,3,1,-76.0,857.0
326,2013-08-17,366 days,7,1,-76.0,861.0
328,2013-08-18,367 days,8,1,-76.0,862.0
330,2013-08-19,368 days,8,1,-77.0,863.0
331,2013-08-20,369 days,9,1,-75.0,865.0
332,2013-08-21,370 days,9,1,-79.0,865.0
333,2013-08-22,371 days,10,1,-77.0,865.0
334,2013-08-23,372 days,10,1,-76.0,866.0
335,2013-08-24,373 days,11,1,-79.0,866.0
337,2013-08-25,374 days,11,1,-79.0,866.0
336,2013-08-26,375 days,12,1,-77.0,867.0
340,2013-08-27,376 days,12,1,-78.0,870.0
338,2013-08-28,377 days,13,1,-78.0,870.0
339,2013-08-29,378 days,13,1,-78.0,869.0
341,2013-08-30,379 days,14,1,-79.0,870.0
343,2013-08-31,380 days,14,1,-79.0,870.0
345,2013-09-01,381 days,15,1,-79.0,871.0
344,2013-09-02,382 days,15,1,-76.0,872.0
342,2013-09-03,383 days,16,1,-77.0,874.0
346,2013-09-04,384 days,16,1,-77.0,875.0
351,2013-09-05,385 days,17,1,-78.0,874.0
347,2013-09-06,386 days,17,1,-77.0,873.0
349,2013-09-07,387 days,18,1,-78.0,874.0
350,2013-09-08,388 days,18,1,-79.0,875.0
348,2013-09-09,389 days,19,1,-79.0,875.0
352,2013-09-10,390 days,19,1,-78.0,875.0
353,2013-09-11,391 days,20,1,-78.0,875.0
354,2013-09-12,392 days,20,1,-77.0,876.0
355,2013-09-13,393 days,21,1,-76.0,877.0
356,2013-09-14,394 days,21,1,-79.0,878.0
357,2013-09-15,395 days,22,1,-77.0,878.0
358,2013-09-16,396 days,22,1,-78.0,879.0
359,2013-09-18,397 days,23,1,-75.0,880.0
360,2013-09-19,398 days,23,1,-79.0,880.0
361,2013-09-20,399 days,24,1,-79.0,881.0
363,2013-09-21,400 days,24,1,-79.0,881.0
362,2013-09-22,401 days,25,1,-79.0,882.0
365,2013-09-23,402 days,25,1,-78.0,883.0
364,2013-09-24,403 days,25,1,-80.0,883.0
367,2013-09-25,404 days,26,1,-78.0,884.0
366,2013-09-26,405 days,26,1,-82.0,885.0
374,2013-09-27,406 days,27,1,-81.0,886.0
370,2013-09-28,407 days,27,1,-81.0,887.0
369,2013-09-29,408 days,28,1,-80.0,887.0
368,2013-09-30,409 days,28,1,-81.0,887.0
373,2013-10-01,410 days,29,1,-81.0,888.0
372,2013-10-02,411 days,29,1,-82.0,887.0
371,2013-10-03,412 days,30,2,-80.0,888.0
376,2013-10-04,413 days,30,2,-82.0,888.0
375,2013-10-05,414 days,31,2,-79.0,889.0
377,2013-10-06,415 days,31,2,-82.0,890.0
378,2013-10-07,416 days,32,2,-79.0,889.0
379,2013-10-08,417 days,32,2,-82.0,890.0
380,2013-10-09,418 days,33,2,-79.0,891.0
381,2013-10-10,419 days,33,2,-82.0,891.0
385,2013-10-11,420 days,33,2,-80.0,892.0
382,2013-10-12,421 days,34,2,-81.0,890.0
384,2013-10-13,422 days,34,2,-82.0,891.0
383,2013-10-14,423 days,35,2,-81.0,892.0
386,2013-10-15,424 days,35,2,-81.0,893.0
393,2013-10-16,425 days,36,2,-81.0,893.0
388,2013-10-17,426 days,36,2,-79.0,893.0
392,2013-10-18,427 days,37,2,-81.0,893.0
391,2013-10-19,428 days,37,2,-81.0,894.0
387,2013-10-20,429 days,38,2,-82.0,895.0
390,2013-10-21,430 days,38,2,-82.0,896.0
389,2013-10-22,431 days,39,2,-83.0,895.0
395,2013-10-23,432 days,39,2,-80.0,896.0
394,2013-10-24,433 days,40,2,-81.0,895.0
397,2013-10-26,434 days,40,2,-80.0,896.0
396,2013-10-27,435 days,40,2,-81.0,896.0
398,2013-10-28,436 days,41,2,-81.0,897.0
399,2013-10-29,437 days,41,2,-82.0,898.0
400,2013-10-30,438 days,42,2,-79.0,899.0
401,2013-10-31,439 days,42,2,-80.0,899.0
404,2013-11-01,440 days,43,2,-80.0,899.0
402,2013-11-02,441 days,43,2,-81.0,900.0
405,2013-11-03,442 days,44,2,-80.0,900.0
403,2013-11-04,443 days,44,2,-81.0,901.0
407,2013-11-16,455 days,50,2,-84.0,905.0
406,2013-11-17,456 days,50,2,-83.0,905.0
409,2013-11-24,463 days,53,2,-86.0,906.0
410,2013-11-25,464 days,54,2,-84.0,906.0
412,2013-11-26,465 days,54,2,-85.0,906.0
415,2013-11-27,466 days,55,2,-85.0,907.0
411,2013-11-28,467 days,55,2,-84.0,907.0
414,2013-11-29,468 days,55,2,-85.0,907.0
413,2013-11-30,469 days,56,2,-85.0,908.0
475,2013-12-02,470 days,56,2,-85.0,907.0
479,2013-12-03,471 days,57,2,-84.0,906.0
416,2013-12-04,472 days,57,2,-84.0,907.0
417,2013-12-05,473 days,58,2,-86.0,907.0
420,2013-12-06,474 days,58,2,-84.0,906.0
419,2013-12-07,475 days,59,2,-85.0,906.0
418,2013-12-08,476 days,59,2,-85.0,906.0
421,2013-12-09,477 days,60,3,-85.0,907.0
422,2013-12-18,486 days,64,3,-84.0,904.0
473,2013-12-19,487 days,64,3,-85.0,904.0
480,2013-12-20,488 days,64,3,-87.0,903.0
423,2013-12-21,489 days,65,3,-85.0,904.0
434,2013-12-22,490 days,65,3,-87.0,903.0
433,2013-12-23,491 days,66,3,-86.0,903.0
427,2013-12-24,492 days,66,3,-86.0,903.0
426,2013-12-25,493 days,67,3,-84.0,902.0
429,2013-12-26,494 days,67,3,-85.0,902.0
431,2013-12-27,495 days,68,3,-86.0,900.0
428,2013-12-28,496 days,68,3,-85.0,901.0
425,2013-12-29,497 days,69,3,-86.0,901.0
424,2013-12-30,498 days,69,3,-86.0,901.0
432,2013-12-31,499 days,69,3,-84.0,899.0
430,2014-01-01,500 days,70,3,-85.0,897.0
435,2014-01-02,501 days,70,3,-86.0,898.0
437,2014-01-03,502 days,71,3,-87.0,898.0
483,2014-01-04,503 days,71,3,-86.0,897.0
436,2014-01-05,504 days,72,3,-85.0,895.0
438,2014-01-06,505 days,72,3,-85.0,895.0
439,2014-01-08,506 days,73,3,-86.0,894.0
440,2014-01-09,507 days,73,3,-85.0,894.0
442,2014-01-10,508 days,73,3,-83.0,893.0
443,2014-01-11,509 days,74,3,-86.0,895.0
441,2014-01-12,510 days,74,3,-85.0,892.0
446,2014-01-13,511 days,75,3,-85.0,892.0
444,2014-01-14,512 days,75,3,-86.0,890.0
445,2014-01-15,513 days,76,3,-86.0,889.0
447,2014-01-16,514 days,76,3,-86.0,888.0
450,2014-01-17,515 days,77,3,-86.0,888.0
449,2014-01-18,516 days,77,3,-86.0,888.0
448,2014-01-19,517 days,77,3,-86.0,885.0
451,2014-01-20,518 days,78,3,-85.0,885.0
452,2014-01-21,519 days,78,3,-86.0,884.0
453,2014-01-22,520 days,79,3,-86.0,884.0
454,2014-01-23,521 days,79,3,-87.0,882.0
455,2014-01-24,522 days,80,3,-85.0,881.0
458,2014-01-25,523 days,80,3,-85.0,881.0
457,2014-01-26,524 days,81,3,-85.0,880.0
456,2014-01-27,525 days,81,3,-87.0,878.0
459,2014-01-28,526 days,82,3,-87.0,878.0
460,2014-01-29,527 days,82,3,-86.0,877.0
461,2014-01-30,528 days,82,3,-86.0,876.0
462,2014-01-31,529 days,83,3,-87.0,875.0
463,2014-02-01,530 days,83,3,-87.0,873.0
465,2014-02-02,531 days,84,3,-87.0,872.0
464,2014-02-03,532 days,84,3,-88.0,872.0
466,2014-02-04,533 days,85,3,-87.0,871.0
467,2014-02-05,534 days,85,3,-86.0,869.0
468,2014-02-06,535 days,86,3,-88.0,868.0
470,2014-02-07,536 days,86,3,-83.0,867.0
469,2014-02-08,537 days,86,3,-83.0,865.0
472,2014-02-09,538 days,87,3,-85.0,865.0
476,2014-02-10,539 days,87,3,-85.0,864.0
481,2014-02-11,540 days,88,3,-84.0,862.0
482,2014-02-12,541 days,88,3,-84.0,861.0
477,2014-02-13,542 days,89,3,-85.0,859.0
486,2014-02-15,543 days,89,3,-84.0,858.0
487,2014-02-16,544 days,90,4,-86.0,857.0
490,2014-02-17,545 days,90,4,-85.0,856.0
489,2014-02-18,546 days,91,4,-85.0,855.0
488,2014-02-19,547 days,91,4,-85.0,853.0
491,2014-02-20,548 days,91,4,-86.0,852.0
492,2014-02-21,549 days,92,4,-87.0,851.0
494,2014-02-22,550 days,92,4,-85.0,850.0
495,2014-02-23,551 days,93,4,-85.0,848.0
493,2014-02-24,552 days,93,4,-86.0,847.0
496,2014-02-25,553 days,94,4,-84.0,845.0
497,2014-02-26,554 days,94,4,-84.0,843.0
499,2014-02-27,555 days,95,4,-85.0,843.0
501,2014-02-28,556 days,95,4,-85.0,842.0
498,2014-03-01,557 days,96,4,-85.0,840.0
500,2014-03-02,558 days,96,4,-85.0,839.0
502,2014-03-03,559 days,96,4,-85.0,838.0
503,2014-03-04,560 days,97,4,-86.0,836.0
504,2014-03-05,561 days,97,4,-85.0,835.0
506,2014-03-06,562 days,98,4,-85.0,834.0
505,2014-03-07,563 days,98,4,-87.0,833.0
509,2014-03-08,564 days,99,4,-86.0,831.0
508,2014-03-09,565 days,99,4,-85.0,830.0
507,2014-03-10,566 days,100,4,-86.0,829.0
510,2014-03-11,567 days,100,4,-86.0,827.0
511,2014-03-12,568 days,101,4,-86.0,825.0
512,2014-03-13,569 days,101,4,-85.0,825.0
513,2014-03-14,570 days,102,4,-84.0,823.0
515,2014-03-15,571 days,102,4,-84.0,821.0
514,2014-03-16,572 days,102,4,-85.0,820.0
516,2014-03-17,573 days,103,4,-84.0,819.0
517,2014-03-18,574 days,103,4,-85.0,817.0
518,2014-03-19,575 days,104,4,-82.0,816.0
520,2014-03-20,576 days,104,4,-84.0,815.0
519,2014-03-21,577 days,105,4,-84.0,813.0
521,2014-03-22,578 days,105,4,-83.0,812.0
522,2014-03-24,579 days,106,4,-82.0,811.0
523,2014-03-25,580 days,106,4,-83.0,810.0
524,2014-03-26,581 days,107,4,-84.0,808.0
525,2014-03-27,582 days,107,4,-84.0,807.0
526,2014-03-28,583 days,108,4,-82.0,806.0
528,2014-03-29,584 days,108,4,-82.0,804.0
527,2014-03-30,585 days,109,4,-83.0,802.0
529,2014-03-31,586 days,109,4,-82.0,802.0
530,2014-04-01,587 days,109,4,-85.0,801.0
532,2014-04-02,588 days,110,4,-84.0,799.0
531,2014-04-03,589 days,110,4,-85.0,798.0
535,2014-04-04,590 days,111,4,-82.0,797.0
533,2014-04-05,591 days,111,4,-82.0,795.0
534,2014-04-06,592 days,112,4,-83.0,795.0
536,2014-04-07,593 days,112,4,-83.0,795.0
537,2014-04-08,594 days,113,4,-83.0,793.0
538,2014-04-09,595 days,113,4,-83.0,792.0
539,2014-04-10,596 days,114,4,-82.0,791.0
540,2014-04-11,597 days,114,4,-84.0,790.0
542,2014-04-12,598 days,115,4,-84.0,787.0
543,2014-04-13,599 days,115,4,-84.0,788.0
541,2014-04-14,600 days,116,4,-81.0,787.0
544,2014-04-15,601 days,116,4,-82.0,785.0
545,2014-04-16,602 days,117,4,-82.0,784.0
548,2014-04-17,603 days,117,4,-83.0,783.0
546,2014-04-18,604 days,118,4,-84.0,782.0
547,2014-04-19,605 days,118,4,-83.0,781.0
549,2014-04-20,606 days,118,4,-84.0,780.0
550,2014-04-21,607 days,119,4,-83.0,779.0
551,2014-04-22,608 days,119,4,-85.0,777.0
552,2014-04-23,609 days,120,5,-84.0,777.0
554,2014-04-24,610 days,120,5,-85.0,776.0
555,2014-04-25,611 days,121,5,-84.0,775.0
553,2014-04-26,612 days,121,5,-85.0,774.0
556,2014-04-27,613 days,122,5,-84.0,773.0
557,2014-04-28,614 days,122,5,-82.0,772.0
558,2014-04-29,615 days,123,5,-83.0,771.0
559,2014-05-01,616 days,123,5,-82.0,769.0
561,2014-05-02,617 days,124,5,-84.0,769.0
562,2014-05-03,618 days,124,5,-83.0,769.0
560,2014-05-04,619 days,125,5,-82.0,766.0
563,2014-05-05,620 days,125,5,-83.0,765.0
564,2014-05-06,621 days,126,5,-82.0,765.0
565,2014-05-07,622 days,126,5,-84.0,763.0
566,2014-05-08,623 days,127,5,-83.0,763.0
568,2014-05-09,624 days,127,5,-82.0,762.0
569,2014-05-10,625 days,128,5,-81.0,761.0
567,2014-05-11,626 days,128,5,-82.0,760.0
570,2014-05-12,627 days,129,5,-82.0,759.0
571,2014-05-13,628 days,129,5,-81.0,759.0
572,2014-05-14,629 days,130,5,-84.0,759.0
573,2014-05-15,630 days,130,5,-82.0,757.0
576,2014-05-16,631 days,131,5,-81.0,756.0
575,2014-05-17,632 days,131,5,-79.0,755.0
574,2014-05-18,633 days,132,5,-81.0,754.0
577,2014-05-19,634 days,132,5,-82.0,753.0
578,2014-05-20,635 days,133,5,-82.0,754.0
582,2014-05-21,636 days,133,5,-81.0,752.0
580,2014-05-22,637 days,134,5,-80.0,752.0
579,2014-05-23,638 days,134,5,-80.0,751.0
581,2014-05-24,639 days,135,5,-80.0,750.0
583,2014-05-25,640 days,135,5,-81.0,750.0
584,2014-05-26,641 days,136,5,-81.0,749.0
585,2014-05-27,642 days,136,5,-80.0,749.0
586,2014-05-28,643 days,137,5,-80.0,748.0
588,2014-05-29,644 days,137,5,-80.0,748.0
589,2014-05-30,645 days,138,5,-81.0,746.0
587,2014-05-31,646 days,138,5,-81.0,746.0
590,2014-06-01,647 days,139,5,-79.0,746.0
591,2014-06-02,648 days,139,5,-80.0,746.0
592,2014-06-03,649 days,140,5,-79.0,745.0
593,2014-06-04,650 days,140,5,-80.0,743.0
595,2014-06-05,651 days,141,5,-80.0,743.0
594,2014-06-07,652 days,141,5,-79.0,745.0
596,2014-06-08,653 days,142,5,-80.0,744.0
597,2014-06-09,654 days,142,5,-79.0,742.0
598,2014-06-10,655 days,143,5,-77.0,741.0
599,2014-06-11,656 days,143,5,-80.0,740.0
600,2014-06-12,657 days,144,5,-79.0,739.0
602,2014-06-13,658 days,144,5,-79.0,739.0
603,2014-06-14,659 days,145,5,-77.0,738.0
601,2014-06-15,660 days,145,5,-78.0,735.0
604,2014-06-16,661 days,146,5,-76.0,735.0
605,2014-06-17,662 days,146,5,-77.0,735.0
609,2014-06-18,663 days,147,5,-77.0,734.0
607,2014-06-19,664 days,147,5,-78.0,732.0
610,2014-06-20,665 days,148,5,-78.0,735.0
608,2014-06-21,666 days,148,5,-77.0,736.0
606,2014-06-22,667 days,149,5,-76.0,736.0
611,2014-06-23,668 days,150,6,-75.0,734.0
613,2014-06-24,669 days,150,6,-84.0,735.0
612,2014-06-25,670 days,151,6,-79.0,737.0
614,2014-06-26,671 days,151,6,-79.0,740.0
615,2014-06-27,672 days,152,6,-78.0,739.0
616,2014-06-28,673 days,152,6,-78.0,738.0
617,2014-06-29,674 days,153,6,-80.0,739.0
618,2014-06-30,675 days,153,6,-80.0,740.0
619,2014-07-01,676 days,154,6,-80.0,738.0
622,2014-07-02,677 days,154,6,-78.0,737.0
621,2014-07-03,678 days,155,6,-77.0,739.0
624,2014-07-04,679 days,155,6,-77.0,738.0
620,2014-07-05,680 days,156,6,-76.0,740.0
623,2014-07-06,681 days,156,6,-79.0,738.0
625,2014-07-07,682 days,157,6,-77.0,739.0
626,2014-07-08,683 days,158,6,-79.0,741.0
627,2014-07-09,684 days,158,6,-75.0,741.0
628,2014-07-10,685 days,159,6,-77.0,740.0
629,2014-07-11,686 days,159,6,-76.0,738.0
630,2014-07-12,687 days,160,6,-77.0,739.0
631,2014-07-14,688 days,160,6,-77.0,741.0
632,2014-07-15,689 days,161,6,-76.0,742.0
633,2014-07-16,690 days,161,6,-77.0,741.0
634,2014-07-17,691 days,162,6,-76.0,741.0
637,2014-07-18,692 days,162,6,-76.0,742.0
636,2014-07-19,693 days,163,6,-76.0,741.0
635,2014-07-20,694 days,164,6,-75.0,740.0
638,2014-07-21,695 days,164,6,-76.0,741.0
639,2014-07-22,696 days,165,6,-75.0,743.0
640,2014-07-23,697 days,165,6,-74.0,743.0
641,2014-07-24,698 days,166,6,-77.0,743.0
642,2014-07-25,699 days,166,6,-76.0,744.0
643,2014-07-26,700 days,167,6,-75.0,745.0
644,2014-07-27,701 days,167,6,-77.0,745.0
645,2014-07-28,702 days,168,6,-76.0,745.0
646,2014-07-29,703 days,169,6,-75.0,747.0
647,2014-07-30,704 days,169,6,-75.0,747.0
648,2014-07-31,705 days,170,6,-76.0,746.0
650,2014-08-01,706 days,170,6,-76.0,748.0
651,2014-08-02,707 days,171,6,-76.0,749.0
649,2014-08-03,708 days,171,6,-76.0,749.0
652,2014-08-04,709 days,172,6,-73.0,750.0
653,2014-08-05,710 days,172,6,-77.0,751.0
654,2014-08-06,711 days,173,6,-75.0,751.0
658,2014-08-07,712 days,174,6,-77.0,752.0
656,2014-08-08,713 days,174,6,-76.0,754.0
655,2014-08-09,714 days,175,6,-76.0,754.0
657,2014-08-10,715 days,175,6,-73.0,755.0
659,2014-08-11,716 days,176,6,-75.0,755.0
661,2014-08-12,717 days,176,6,-76.0,756.0
660,2014-08-13,718 days,177,6,-77.0,757.0
662,2014-08-14,719 days,178,6,-77.0,758.0
663,2014-08-15,720 days,178,6,-74.0,760.0
664,2014-08-16,721 days,179,6,-73.0,761.0
665,2014-08-17,722 days,179,6,-74.0,760.0
666,2014-08-18,723 days,180,7,-73.0,761.0
667,2014-08-19,724 days,181,7,-74.0,763.0
669,2014-08-21,725 days,181,7,-73.0,764.0
668,2014-08-22,726 days,182,7,-75.0,766.0
671,2014-08-23,727 days,182,7,-76.0,766.0
670,2014-08-24,728 days,183,7,-74.0,766.0
672,2014-08-25,729 days,183,7,-75.0,768.0
676,2014-08-26,730 days,184,7,-76.0,770.0
673,2014-08-27,731 days,185,7,-75.0,771.0
677,2014-08-28,732 days,185,7,-75.0,773.0
674,2014-08-29,733 days,186,7,-74.0,773.0
675,2014-08-30,734 days,186,7,-73.0,776.0
678,2014-08-31,735 days,187,7,-73.0,776.0
679,2014-09-01,736 days,188,7,-76.0,776.0
680,2014-09-02,737 days,188,7,-74.0,777.0
681,2014-09-03,738 days,189,7,-75.0,778.0
682,2014-09-04,739 days,189,7,-77.0,779.0
685,2014-09-05,740 days,190,7,-76.0,782.0
683,2014-09-06,741 days,191,7,-70.0,784.0
684,2014-09-07,742 days,191,7,-72.0,784.0
686,2014-09-08,743 days,192,7,-72.0,786.0
687,2014-09-09,744 days,192,7,-75.0,786.0
689,2014-09-10,745 days,193,7,-74.0,787.0
688,2014-09-11,746 days,194,7,-76.0,788.0
691,2014-09-12,747 days,194,7,-73.0,789.0
690,2014-09-13,748 days,195,7,-71.0,791.0
692,2014-09-14,749 days,195,7,-73.0,794.0
693,2014-09-15,750 days,196,7,-72.0,796.0
695,2014-09-16,751 days,197,7,-72.0,797.0
694,2014-09-17,752 days,197,7,-71.0,798.0
698,2014-09-18,753 days,198,7,-73.0,800.0
696,2014-09-19,754 days,198,7,-73.0,802.0
697,2014-09-20,755 days,199,7,-74.0,806.0
699,2014-09-21,756 days,200,7,-73.0,806.0
700,2014-09-22,757 days,200,7,-73.0,807.0
701,2014-09-23,758 days,201,7,-71.0,810.0
702,2014-09-24,759 days,201,7,-77.0,809.0
704,2014-09-25,760 days,202,7,-70.0,810.0
705,2014-09-27,761 days,203,7,-72.0,814.0
703,2014-09-28,762 days,203,7,-75.0,814.0
706,2014-09-29,763 days,204,7,-78.0,817.0
707,2014-09-30,764 days,205,7,-73.0,821.0
708,2014-10-01,765 days,205,7,-73.0,820.0
709,2014-10-02,766 days,206,7,-70.0,824.0
710,2014-10-03,767 days,206,7,-71.0,824.0
712,2014-10-04,768 days,207,7,-73.0,826.0
711,2014-10-05,769 days,208,7,-73.0,829.0
713,2014-10-06,770 days,208,7,-70.0,829.0
714,2014-10-07,771 days,209,7,-71.0,836.0
715,2014-10-08,772 days,210,8,-71.0,835.0
716,2014-10-09,773 days,210,8,-70.0,838.0
719,2014-10-10,774 days,211,8,-73.0,838.0
717,2014-10-11,775 days,211,8,-71.0,838.0
718,2014-10-12,776 days,212,8,-72.0,841.0
720,2014-10-13,777 days,213,8,-72.0,841.0
721,2014-10-14,778 days,213,8,-70.0,846.0
722,2014-10-15,779 days,214,8,-71.0,845.0
723,2014-10-16,780 days,215,8,-72.0,852.0
725,2014-10-17,781 days,215,8,-74.0,849.0
724,2014-10-18,782 days,216,8,-71.0,854.0
727,2014-10-19,783 days,216,8,-69.0,853.0
726,2014-10-20,784 days,217,8,-69.0,857.0
728,2014-10-21,785 days,218,8,-74.0,858.0
729,2014-10-22,786 days,218,8,-74.0,861.0
732,2014-10-23,787 days,219,8,-73.0,860.0
731,2014-10-24,788 days,220,8,-68.0,862.0
730,2014-10-25,789 days,220,8,-68.0,862.0
733,2014-10-26,790 days,221,8,-68.0,864.0
734,2014-10-27,791 days,222,8,-70.0,867.0
735,2014-10-28,792 days,222,8,-71.0,873.0
736,2014-10-29,793 days,223,8,-71.0,877.0
739,2014-10-30,794 days,223,8,-68.0,874.0
738,2014-10-31,795 days,224,8,-68.0,875.0
737,2014-11-01,796 days,225,8,-65.0,877.0
740,2014-11-03,797 days,225,8,-65.0,879.0
741,2014-11-04,798 days,226,8,-67.0,883.0
743,2014-11-05,799 days,227,8,-70.0,884.0
742,2014-11-06,800 days,227,8,-67.0,884.0
746,2014-11-07,801 days,228,8,-70.0,884.0
745,2014-11-08,802 days,229,8,-69.0,887.0
744,2014-11-09,803 days,229,8,-69.0,888.0
747,2014-11-10,804 days,230,8,-73.0,891.0
748,2014-11-11,805 days,231,8,-70.0,893.0
750,2014-11-12,806 days,231,8,-69.0,893.0
749,2014-11-13,807 days,232,8,-71.0,892.0
752,2014-11-14,808 days,232,8,-67.0,893.0
753,2014-11-15,809 days,233,8,-70.0,895.0
751,2014-11-16,810 days,234,8,-69.0,897.0
754,2014-11-17,811 days,234,8,-71.0,900.0
755,2014-11-18,812 days,235,8,-75.0,902.0
756,2014-11-19,813 days,236,8,-67.0,904.0
757,2014-11-20,814 days,236,8,-68.0,902.0
759,2014-11-21,815 days,237,8,-69.0,905.0
758,2014-11-22,816 days,238,8,-74.0,909.0
761,2014-11-23,817 days,238,8,-69.0,913.0
760,2014-11-24,818 days,239,8,-68.0,914.0
763,2014-11-25,819 days,240,9,-71.0,913.0
765,2014-11-26,820 days,240,9,-68.0,910.0
762,2014-11-27,821 days,241,9,-68.0,910.0
764,2014-11-28,822 days,242,9,-71.0,911.0
766,2014-11-29,823 days,242,9,-69.0,912.0
768,2014-11-30,824 days,243,9,-67.0,914.0
767,2014-12-01,825 days,243,9,-67.0,914.0
770,2014-12-02,826 days,244,9,-68.0,914.0
769,2014-12-03,827 days,245,9,-68.0,911.0
771,2014-12-04,828 days,245,9,-71.0,914.0
773,2014-12-05,829 days,246,9,-71.0,914.0
772,2014-12-06,830 days,247,9,-68.0,918.0
774,2014-12-07,831 days,247,9,-68.0,920.0
775,2014-12-08,832 days,248,9,-68.0,924.0
776,2014-12-09,833 days,249,9,-69.0,923.0
777,2014-12-11,834 days,249,9,-68.0,918.0
780,2014-12-12,835 days,250,9,-69.0,917.0
778,2014-12-13,836 days,251,9,-69.0,916.0
779,2014-12-14,837 days,251,9,-69.0,916.0
782,2014-12-15,838 days,252,9,-69.0,917.0
781,2014-12-16,839 days,253,9,-70.0,917.0
783,2014-12-17,840 days,253,9,-74.0,913.0
784,2014-12-18,841 days,254,9,-75.0,914.0
790,2014-12-19,842 days,255,9,-69.0,914.0
793,2014-12-20,843 days,255,9,-69.0,916.0
788,2014-12-21,844 days,256,9,-68.0,917.0
786,2014-12-22,845 days,257,9,-73.0,920.0
785,2014-12-23,846 days,257,9,-74.0,925.0
791,2014-12-24,847 days,258,9,-69.0,918.0
792,2014-12-25,848 days,258,9,-69.0,918.0
787,2014-12-26,849 days,259,9,-69.0,918.0
789,2014-12-27,850 days,260,9,-68.0,918.0
794,2014-12-28,851 days,260,9,-68.0,919.0
797,2014-12-29,852 days,261,9,-73.0,916.0
796,2014-12-30,853 days,262,9,-67.0,913.0
798,2014-12-31,854 days,262,9,-66.0,910.0
799,2015-01-01,855 days,263,9,-69.0,912.0
795,2015-01-02,856 days,264,9,-68.0,912.0
801,2015-01-03,857 days,264,9,-76.0,911.0
800,2015-01-04,858 days,265,9,-73.0,913.0
802,2015-01-05,859 days,266,9,-72.0,915.0
803,2015-01-06,860 days,266,9,-69.0,916.0
804,2015-01-07,861 days,267,9,-70.0,917.0
807,2015-01-08,862 days,268,9,-70.0,917.0
805,2015-01-09,863 days,268,9,-72.0,916.0
806,2015-01-10,864 days,269,9,-70.0,914.0
808,2015-01-11,865 days,270,10,-70.0,913.0
809,2015-01-12,866 days,270,10,-71.0,911.0
810,2015-01-13,867 days,271,10,-71.0,910.0
811,2015-01-14,868 days,271,10,-71.0,908.0
812,2015-01-15,869 days,272,10,-72.0,906.0
813,2015-01-17,870 days,273,10,-74.0,909.0
814,2015-01-18,871 days,273,10,-70.0,903.0
815,2015-01-19,872 days,274,10,-72.0,902.0
817,2015-01-28,881 days,280,10,-73.0,899.0
818,2015-01-29,882 days,280,10,-76.0,901.0
820,2015-01-30,883 days,281,10,-74.0,897.0
821,2015-01-31,884 days,282,10,-71.0,897.0
819,2015-02-01,885 days,282,10,-71.0,895.0
823,2015-02-02,886 days,283,10,-73.0,894.0
822,2015-02-03,887 days,284,10,-73.0,897.0
824,2015-02-04,888 days,284,10,-70.0,896.0
825,2015-02-05,889 days,285,10,-70.0,895.0
826,2015-02-06,890 days,286,10,-72.0,892.0
827,2015-02-07,891 days,286,10,-72.0,892.0
828,2015-02-08,892 days,287,10,-71.0,892.0
829,2015-02-09,893 days,287,10,-72.0,890.0
830,2015-02-10,894 days,288,10,-75.0,891.0
831,2015-02-11,895 days,289,10,-72.0,889.0
833,2015-02-12,896 days,289,10,-70.0,888.0
832,2015-02-13,897 days,290,10,-72.0,884.0
834,2015-02-14,898 days,291,10,-72.0,883.0
835,2015-02-15,899 days,291,10,-75.0,881.0
836,2015-02-16,900 days,292,10,-70.0,883.0
837,2015-02-17,901 days,292,10,-71.0,885.0
838,2015-02-18,902 days,293,10,-68.0,883.0
839,2015-02-19,903 days,294,10,-71.0,882.0
841,2015-02-20,904 days,294,10,-71.0,878.0
840,2015-02-21,905 days,295,10,-71.0,880.0
843,2015-02-22,906 days,296,10,-76.0,878.0
842,2015-02-24,907 days,296,10,-75.0,879.0
844,2015-02-25,908 days,297,10,-71.0,883.0
845,2015-02-26,909 days,297,10,-70.0,878.0
847,2015-02-27,910 days,298,10,-73.0,878.0
846,2015-02-28,911 days,299,10,-70.0,874.0
849,2015-03-01,912 days,299,10,-75.0,875.0
848,2015-03-02,913 days,300,11,-71.0,871.0
850,2015-03-03,914 days,300,11,-71.0,874.0
851,2015-03-04,915 days,301,11,-71.0,878.0
852,2015-03-05,916 days,302,11,-71.0,872.0
854,2015-03-06,917 days,302,11,-76.0,871.0
853,2015-03-07,918 days,303,11,-71.0,867.0
855,2015-03-08,919 days,304,11,-74.0,870.0
856,2015-03-09,920 days,304,11,-72.0,868.0
857,2015-03-10,921 days,305,11,-70.0,867.0
858,2015-03-11,922 days,305,11,-73.0,870.0
859,2015-03-12,923 days,306,11,-72.0,867.0
861,2015-03-13,924 days,307,11,-74.0,867.0
860,2015-03-14,925 days,307,11,-71.0,862.0
862,2015-03-15,926 days,308,11,-76.0,864.0
863,2015-03-16,927 days,308,11,-76.0,862.0
864,2015-03-17,928 days,309,11,-72.0,862.0
865,2015-03-18,929 days,310,11,-75.0,866.0
868,2015-03-19,930 days,310,11,-75.0,865.0
867,2015-03-20,931 days,311,11,-69.0,864.0
866,2015-03-21,932 days,311,11,-71.0,859.0
869,2015-03-22,933 days,312,11,-71.0,863.0
870,2015-03-23,934 days,313,11,-73.0,858.0
872,2015-03-24,935 days,313,11,-75.0,862.0
871,2015-03-25,936 days,314,11,-72.0,865.0
874,2015-03-26,937 days,314,11,-73.0,863.0
876,2015-03-29,940 days,316,11,-73.0,861.0
875,2015-03-30,941 days,317,11,-74.0,857.0
880,2015-03-31,942 days,317,11,-74.0,857.0
877,2015-04-02,943 days,318,11,-73.0,854.0
878,2015-04-03,944 days,318,11,-70.0,852.0
881,2015-04-04,945 days,319,11,-72.0,851.0
879,2015-04-05,946 days,320,11,-77.0,850.0
882,2015-04-06,947 days,320,11,-70.0,853.0
883,2015-04-07,948 days,321,11,-73.0,854.0
884,2015-04-08,949 days,321,11,-72.0,851.0
885,2015-04-09,950 days,322,11,-73.0,850.0
888,2015-04-10,951 days,323,11,-75.0,849.0
886,2015-04-11,952 days,323,11,-69.0,847.0
887,2015-04-12,953 days,324,11,-71.0,847.0
889,2015-04-13,954 days,324,11,-73.0,847.0
892,2015-04-17,958 days,327,11,-74.0,848.0
891,2015-04-18,959 days,327,11,-78.0,846.0
893,2015-04-19,960 days,328,11,-76.0,846.0
895,2015-04-20,961 days,328,11,-71.0,849.0
894,2015-04-21,962 days,329,11,-73.0,845.0
896,2015-04-22,963 days,329,11,-71.0,850.0
897,2015-04-23,964 days,330,12,-72.0,847.0
898,2015-04-24,965 days,331,12,-75.0,847.0
900,2015-04-25,966 days,331,12,-73.0,850.0
899,2015-04-26,967 days,332,12,-74.0,844.0
901,2015-04-27,968 days,332,12,-71.0,848.0
902,2015-04-28,969 days,333,12,-72.0,844.0
903,2015-04-29,970 days,333,12,-71.0,849.0
906,2015-04-30,971 days,334,12,-71.0,848.0
904,2015-05-01,972 days,334,12,-73.0,847.0
905,2015-05-02,973 days,335,12,-72.0,844.0
907,2015-05-03,974 days,336,12,-73.0,842.0
908,2015-05-04,975 days,336,12,-73.0,843.0
909,2015-05-05,976 days,337,12,-75.0,842.0
910,2015-05-06,977 days,337,12,-75.0,841.0
913,2015-05-07,978 days,338,12,-73.0,842.0
912,2015-05-09,979 days,338,12,-79.0,841.0
911,2015-05-10,980 days,339,12,-73.0,840.0
914,2015-05-11,981 days,339,12,-73.0,841.0
917,2015-05-12,982 days,340,12,-74.0,840.0
916,2015-05-13,983 days,340,12,-76.0,840.0
915,2015-05-14,984 days,341,12,-74.0,840.0
918,2015-05-15,985 days,342,12,-78.0,840.0
919,2015-05-16,986 days,342,12,-74.0,840.0
920,2015-05-17,987 days,343,12,-74.0,839.0
922,2015-05-18,988 days,343,12,-75.0,840.0
921,2015-05-19,989 days,344,12,-74.0,841.0
923,2015-05-20,990 days,344,12,-76.0,839.0
926,2015-05-21,991 days,345,12,-73.0,840.0
924,2015-05-22,992 days,345,12,-73.0,842.0
927,2015-05-23,993 days,346,12,-73.0,840.0
925,2015-05-24,994 days,346,12,-79.0,842.0
929,2015-05-25,995 days,347,12,-74.0,842.0
928,2015-05-26,996 days,348,12,-72.0,842.0
930,2015-05-27,997 days,348,12,-74.0,843.0
931,2015-05-28,998 days,349,12,-73.0,842.0
932,2015-05-30,1000 days,350,12,-74.0,841.0
933,2015-05-31,1001 days,350,12,-79.0,843.0
936,2015-06-01,1002 days,351,12,-77.0,844.0
934,2015-06-02,1003 days,351,12,-74.0,843.0
935,2015-06-03,1004 days,352,12,-74.0,842.0
939,2015-06-04,1005 days,352,12,-75.0,843.0
941,2015-06-05,1006 days,353,12,-78.0,844.0
937,2015-06-06,1007 days,353,12,-79.0,845.0
940,2015-06-07,1008 days,354,12,-79.0,844.0
946,2015-06-08,1009 days,354,12,-75.0,845.0
947,2015-06-09,1010 days,355,12,-74.0,846.0
948,2015-06-10,1011 days,355,12,-78.0,845.0
949,2015-06-11,1012 days,356,12,-81.0,846.0
953,2015-06-12,1013 days,356,12,-80.0,846.0
950,2015-06-13,1014 days,357,12,-77.0,846.0
951,2015-06-14,1015 days,357,12,-75.0,847.0
952,2015-06-16,1016 days,358,12,-76.0,847.0
955,2015-06-17,1017 days,359,12,-78.0,850.0
956,2015-06-18,1018 days,359,12,-79.0,850.0
954,2015-06-19,1019 days,0,1,-81.0,849.0
938,2015-06-20,1020 days,0,1,-63.0,832.0
942,2015-06-21,1021 days,1,1,-76.0,850.0
944,2015-06-22,1022 days,1,1,-75.0,852.0
943,2015-06-23,1023 days,2,1,-76.0,851.0
945,2015-06-24,1024 days,2,1,-76.0,851.0
958,2015-06-25,1025 days,3,1,-74.0,851.0
957,2015-06-26,1026 days,3,1,-78.0,851.0
960,2015-06-28,1028 days,4,1,-75.0,853.0
959,2015-06-29,1029 days,5,1,-75.0,856.0
961,2015-06-30,1030 days,5,1,-77.0,855.0
963,2015-07-01,1031 days,6,1,-76.0,854.0
962,2015-07-02,1032 days,6,1,-74.0,854.0
965,2015-07-03,1033 days,7,1,-77.0,856.0
964,2015-07-04,1034 days,7,1,-76.0,859.0
966,2015-07-05,1035 days,8,1,-77.0,857.0
967,2015-07-06,1036 days,8,1,-76.0,856.0
968,2015-07-07,1037 days,9,1,-80.0,856.0
969,2015-07-08,1038 days,9,1,-76.0,858.0
970,2015-07-09,1039 days,10,1,-77.0,857.0
972,2015-07-10,1040 days,10,1,-77.0,858.0
971,2015-07-11,1041 days,11,1,-77.0,859.0
973,2015-07-12,1042 days,11,1,-76.0,859.0
974,2015-07-13,1043 days,12,1,-77.0,860.0
975,2015-07-14,1044 days,12,1,-79.0,860.0
978,2015-07-15,1045 days,13,1,-80.0,861.0
979,2015-07-16,1046 days,13,1,-77.0,862.0
977,2015-07-17,1047 days,14,1,-77.0,863.0
976,2015-07-18,1048 days,14,1,-78.0,864.0
980,2015-07-19,1049 days,15,1,-75.0,864.0
981,2015-07-20,1050 days,15,1,-76.0,863.0
983,2015-07-21,1051 days,16,1,-76.0,864.0
982,2015-07-23,1052 days,16,1,-78.0,865.0
984,2015-07-24,1053 days,17,1,-79.0,865.0
985,2015-07-25,1054 days,17,1,-77.0,867.0
987,2015-07-26,1055 days,17,1,-77.0,868.0
986,2015-07-27,1056 days,18,1,-76.0,868.0
988,2015-07-28,1057 days,18,1,-78.0,867.0
989,2015-07-29,1058 days,19,1,-78.0,868.0
990,2015-07-30,1059 days,19,1,-78.0,870.0
992,2015-07-31,1060 days,20,1,-78.0,870.0
993,2015-08-01,1061 days,20,1,-77.0,871.0
991,2015-08-02,1062 days,21,1,-77.0,871.0
994,2015-08-03,1063 days,21,1,-79.0,871.0
996,2015-08-04,1064 days,22,1,-77.0,871.0
995,2015-08-05,1065 days,22,1,-78.0,873.0
997,2015-08-06,1066 days,23,1,-78.0,875.0
998,2015-08-07,1067 days,23,1,-79.0,875.0
1000,2015-08-08,1068 days,24,1,-76.0,874.0
999,2015-08-09,1069 days,24,1,-77.0,876.0
1001,2015-08-10,1070 days,25,1,-80.0,877.0
1002,2015-08-11,1071 days,25,1,-78.0,878.0
1003,2015-08-12,1072 days,26,1,-78.0,879.0
1004,2015-08-13,1073 days,26,1,-82.0,879.0
1005,2015-08-14,1074 days,27,1,-77.0,878.0
1006,2015-08-15,1075 days,27,1,-77.0,879.0
1007,2015-08-16,1076 days,28,1,-81.0,880.0
1008,2015-08-17,1077 days,28,1,-79.0,880.0
1009,2015-08-18,1078 days,29,1,-80.0,881.0
1010,2015-08-19,1079 days,29,1,-80.0,882.0
1013,2015-08-20,1080 days,29,1,-77.0,882.0
1011,2015-08-21,1081 days,30,2,-77.0,882.0
1012,2015-08-22,1082 days,30,2,-79.0,882.0
1014,2015-08-23,1083 days,31,2,-80.0,883.0
1015,2015-08-24,1084 days,31,2,-78.0,885.0
1017,2015-08-25,1085 days,32,2,-79.0,886.0
1016,2015-08-26,1086 days,32,2,-77.0,885.0
1019,2015-08-27,1087 days,33,2,-78.0,885.0
1020,2015-08-29,1088 days,33,2,-77.0,885.0
1018,2015-08-30,1089 days,34,2,-76.0,885.0
1021,2015-08-31,1090 days,34,2,-78.0,886.0
1022,2015-09-01,1091 days,35,2,-77.0,886.0
1023,2015-09-02,1092 days,35,2,-79.0,886.0
1024,2015-09-03,1093 days,36,2,-77.0,887.0
1026,2015-09-04,1094 days,36,2,-80.0,888.0
1027,2015-09-05,1095 days,36,2,-79.0,888.0
1025,2015-09-06,1096 days,37,2,-79.0,888.0
1028,2015-09-07,1097 days,37,2,-78.0,889.0
1029,2015-09-08,1098 days,38,2,-77.0,890.0
1030,2015-09-09,1099 days,38,2,-78.0,891.0
1031,2015-09-10,1100 days,39,2,-79.0,890.0
1034,2015-09-11,1101 days,39,2,-80.0,891.0
1032,2015-09-12,1102 days,40,2,-84.0,892.0
1033,2015-09-13,1103 days,40,2,-81.0,893.0
1035,2015-09-14,1104 days,41,2,-79.0,893.0
1036,2015-09-15,1105 days,41,2,-78.0,892.0
1037,2015-09-16,1106 days,42,2,-82.0,893.0
1040,2015-09-17,1107 days,42,2,-79.0,893.0
1038,2015-09-18,1108 days,42,2,-78.0,895.0
1039,2015-09-19,1109 days,43,2,-82.0,895.0
1041,2015-09-20,1110 days,43,2,-81.0,895.0
1042,2015-09-21,1111 days,44,2,-79.0,896.0
1043,2015-09-22,1112 days,44,2,-80.0,895.0
1044,2015-09-23,1113 days,45,2,-79.0,895.0
1045,2015-09-24,1114 days,45,2,-79.0,896.0
1047,2015-09-25,1115 days,46,2,-80.0,897.0
1046,2015-09-26,1116 days,46,2,-79.0,898.0
1048,2015-09-27,1117 days,47,2,-79.0,898.0
1049,2015-09-28,1118 days,47,2,-80.0,898.0
1050,2015-09-29,1119 days,48,2,-81.0,899.0
1051,2015-09-30,1120 days,48,2,-80.0,900.0
1052,2015-10-01,1121 days,48,2,-81.0,901.0
1053,2015-10-02,1122 days,49,2,-79.0,901.0
1054,2015-10-03,1123 days,49,2,-79.0,900.0
1055,2015-10-04,1124 days,50,2,-80.0,900.0
1056,2015-10-06,1125 days,50,2,-79.0,900.0
1057,2015-10-07,1126 days,51,2,-79.0,901.0
1058,2015-10-08,1127 days,51,2,-80.0,901.0
1059,2015-10-09,1128 days,52,2,-79.0,902.0
1060,2015-10-10,1129 days,52,2,-80.0,902.0
1061,2015-10-11,1130 days,53,2,-81.0,902.0
1062,2015-10-12,1131 days,53,2,-81.0,902.0
1063,2015-10-13,1132 days,53,2,-82.0,902.0
1064,2015-10-14,1133 days,54,2,-82.0,902.0
1065,2015-10-15,1134 days,54,2,-80.0,902.0
1069,2015-10-16,1135 days,55,2,-81.0,901.0
1066,2015-10-17,1136 days,55,2,-82.0,901.0
1068,2015-10-18,1137 days,56,2,-81.0,901.0
1067,2015-10-19,1138 days,56,2,-82.0,901.0
1070,2015-10-20,1139 days,57,2,-80.0,901.0
1071,2015-10-21,1140 days,57,2,-81.0,901.0
1072,2015-10-22,1141 days,57,2,-82.0,902.0
1073,2015-10-23,1142 days,58,2,-82.0,902.0
1074,2015-10-24,1143 days,58,2,-82.0,901.0
1075,2015-10-25,1144 days,59,2,-82.0,902.0
1076,2015-10-26,1145 days,59,2,-82.0,903.0
1077,2015-10-27,1146 days,60,3,-82.0,902.0
1078,2015-10-28,1147 days,60,3,-80.0,901.0
1080,2015-10-29,1148 days,61,3,-80.0,901.0
1079,2015-10-30,1149 days,61,3,-81.0,902.0
1081,2015-10-31,1150 days,62,3,-82.0,902.0
1082,2015-11-01,1151 days,62,3,-82.0,901.0
1086,2015-11-02,1152 days,62,3,-80.0,901.0
1083,2015-11-03,1153 days,63,3,-82.0,900.0
1088,2015-11-04,1154 days,63,3,-84.0,900.0
1084,2015-11-05,1155 days,64,3,-84.0,900.0
1085,2015-11-06,1156 days,64,3,-84.0,900.0
1087,2015-11-07,1157 days,65,3,-82.0,900.0
1089,2015-11-08,1158 days,65,3,-82.0,898.0
1090,2015-11-09,1159 days,66,3,-82.0,898.0
1091,2015-11-10,1160 days,66,3,-80.0,899.0
1092,2015-11-12,1161 days,66,3,-83.0,898.0
1093,2015-11-13,1162 days,67,3,-84.0,897.0
1094,2015-11-14,1163 days,67,3,-86.0,896.0
1095,2015-11-15,1164 days,68,3,-86.0,896.0
1096,2015-11-16,1165 days,68,3,-84.0,897.0
1097,2015-11-17,1166 days,69,3,-84.0,895.0
1098,2015-11-18,1167 days,69,3,-84.0,894.0
1102,2015-11-19,1168 days,70,3,-84.0,894.0
1100,2015-11-20,1169 days,70,3,-89.0,894.0
1101,2015-11-21,1170 days,71,3,-85.0,893.0
1099,2015-11-22,1171 days,71,3,-87.0,892.0
1104,2015-11-23,1172 days,71,3,-87.0,892.0
1103,2015-11-24,1173 days,72,3,-87.0,892.0
1105,2015-11-25,1174 days,72,3,-85.0,891.0
1106,2015-11-26,1175 days,73,3,-85.0,890.0
1107,2015-11-27,1176 days,73,3,-84.0,890.0
1108,2015-11-28,1177 days,74,3,-84.0,888.0
1109,2015-11-29,1178 days,74,3,-86.0,888.0
1110,2015-11-30,1179 days,75,3,-85.0,887.0
1111,2015-12-01,1180 days,75,3,-86.0,886.0
1112,2015-12-02,1181 days,75,3,-86.0,885.0
1114,2015-12-03,1182 days,76,3,-85.0,884.0
1113,2015-12-04,1183 days,76,3,-86.0,883.0
1115,2015-12-05,1184 days,77,3,-85.0,882.0
1116,2015-12-06,1185 days,77,3,-84.0,881.0
1117,2015-12-07,1186 days,78,3,-86.0,881.0
1118,2015-12-08,1187 days,78,3,-84.0,881.0
1119,2015-12-09,1188 days,79,3,-90.0,881.0
1120,2015-12-10,1189 days,79,3,-87.0,879.0
1121,2015-12-11,1190 days,79,3,-87.0,877.0
1122,2015-12-12,1191 days,80,3,-87.0,876.0
1123,2015-12-13,1192 days,80,3,-86.0,876.0
1124,2015-12-14,1193 days,81,3,-84.0,875.0
1125,2015-12-15,1194 days,81,3,-84.0,873.0
1126,2015-12-16,1195 days,82,3,-86.0,872.0
1129,2015-12-17,1196 days,82,3,-86.0,871.0
1127,2015-12-18,1197 days,83,3,-85.0,869.0
1128,2015-12-20,1198 days,83,3,-86.0,868.0
1130,2015-12-21,1199 days,84,3,-86.0,868.0
1131,2015-12-22,1200 days,84,3,-84.0,866.0
1132,2015-12-23,1201 days,84,3,-85.0,866.0
1133,2015-12-24,1202 days,85,3,-85.0,864.0
1136,2015-12-25,1203 days,85,3,-85.0,863.0
1135,2015-12-26,1204 days,86,3,-84.0,862.0
1134,2015-12-27,1205 days,86,3,-86.0,861.0
1137,2015-12-28,1206 days,87,3,-85.0,859.0
1138,2015-12-29,1207 days,87,3,-85.0,858.0
1139,2015-12-30,1208 days,88,3,-85.0,857.0
1141,2015-12-31,1209 days,88,3,-85.0,855.0
1140,2016-01-01,1210 days,88,3,-85.0,854.0
1142,2016-01-02,1211 days,89,3,-83.0,853.0
1143,2016-01-03,1212 days,89,3,-86.0,851.0
1145,2016-01-04,1213 days,90,4,-84.0,851.0
1144,2016-01-05,1214 days,90,4,-85.0,849.0
1146,2016-01-06,1215 days,91,4,-85.0,848.0
1147,2016-01-07,1216 days,91,4,-86.0,847.0
1148,2016-01-08,1217 days,92,4,-88.0,846.0
1149,2016-01-09,1218 days,92,4,-86.0,845.0
1150,2016-01-10,1219 days,93,4,-87.0,844.0
1151,2016-01-11,1220 days,93,4,-87.0,842.0
1152,2016-01-12,1221 days,93,4,-87.0,841.0
1153,2016-01-13,1222 days,94,4,-87.0,840.0
1155,2016-01-14,1223 days,94,4,-88.0,839.0
1154,2016-01-15,1224 days,95,4,-88.0,837.0
1156,2016-01-16,1225 days,95,4,-87.0,836.0
1157,2016-01-17,1226 days,96,4,-87.0,835.0
1158,2016-01-18,1227 days,96,4,-88.0,833.0
1159,2016-01-19,1228 days,97,4,-88.0,832.0
1160,2016-01-20,1229 days,97,4,-88.0,831.0
1161,2016-01-21,1230 days,98,4,-88.0,830.0
1162,2016-01-22,1231 days,98,4,-88.0,828.0
1163,2016-01-23,1232 days,99,4,-88.0,827.0
1164,2016-01-24,1233 days,99,4,-88.0,826.0
1166,2016-01-26,1234 days,99,4,-88.0,824.0
1165,2016-01-27,1235 days,100,4,-88.0,824.0
1170,2016-01-28,1236 days,100,4,-87.0,822.0
1169,2016-01-29,1237 days,101,4,-88.0,820.0
1167,2016-01-30,1238 days,101,4,-87.0,819.0
1168,2016-01-31,1239 days,102,4,-89.0,818.0
1171,2016-02-01,1240 days,102,4,-87.0,816.0
1172,2016-02-02,1241 days,103,4,-87.0,816.0
1173,2016-02-03,1242 days,103,4,-87.0,815.0
1174,2016-02-04,1243 days,104,4,-86.0,814.0
1175,2016-02-05,1244 days,104,4,-85.0,812.0
1176,2016-02-06,1245 days,105,4,-86.0,811.0
1178,2016-02-07,1246 days,105,4,-85.0,810.0
1177,2016-02-08,1247 days,105,4,-85.0,809.0
1179,2016-02-09,1248 days,106,4,-86.0,807.0
1180,2016-02-10,1249 days,106,4,-85.0,806.0
1182,2016-02-11,1250 days,107,4,-85.0,804.0
1185,2016-02-12,1251 days,107,4,-85.0,803.0
1184,2016-02-13,1252 days,108,4,-85.0,802.0
1181,2016-02-14,1253 days,108,4,-85.0,800.0
1183,2016-02-15,1254 days,109,4,-84.0,799.0
1187,2016-02-16,1255 days,109,4,-84.0,798.0
1186,2016-02-17,1256 days,110,4,-84.0,797.0
1188,2016-02-18,1257 days,110,4,-84.0,794.0
1189,2016-02-19,1258 days,111,4,-83.0,794.0
1190,2016-02-20,1259 days,111,4,-84.0,794.0
1191,2016-02-21,1260 days,112,4,-83.0,792.0
1192,2016-02-22,1261 days,112,4,-81.0,790.0
1193,2016-02-23,1262 days,112,4,-81.0,790.0
1194,2016-02-24,1263 days,113,4,-84.0,788.0
1195,2016-02-25,1264 days,113,4,-84.0,787.0
1197,2016-02-26,1265 days,114,4,-81.0,787.0
1196,2016-02-27,1266 days,114,4,-82.0,787.0
1198,2016-02-28,1267 days,115,4,-83.0,786.0
1199,2016-02-29,1268 days,115,4,-83.0,784.0
1201,2016-03-01,1269 days,116,4,-83.0,782.0
1200,2016-03-03,1270 days,116,4,-82.0,782.0
1202,2016-03-04,1271 days,117,4,-84.0,781.0
1203,2016-03-05,1272 days,117,4,-81.0,780.0
1204,2016-03-06,1273 days,118,4,-79.0,778.0
1205,2016-03-07,1274 days,118,4,-82.0,777.0
1206,2016-03-08,1275 days,119,4,-82.0,775.0
1207,2016-03-09,1276 days,119,4,-83.0,774.0
1208,2016-03-10,1277 days,120,5,-84.0,774.0
1210,2016-03-11,1278 days,120,5,-83.0,773.0
1209,2016-03-12,1279 days,121,5,-83.0,772.0
1211,2016-03-13,1280 days,121,5,-84.0,771.0
1212,2016-03-14,1281 days,122,5,-83.0,769.0
1213,2016-03-15,1282 days,122,5,-81.0,768.0
1214,2016-03-16,1283 days,123,5,-82.0,767.0
1216,2016-03-17,1284 days,123,5,-80.0,767.0
1217,2016-03-18,1285 days,123,5,-80.0,766.0
1215,2016-03-19,1286 days,124,5,-80.0,765.0
1218,2016-03-20,1287 days,124,5,-80.0,764.0
1219,2016-03-21,1288 days,125,5,-80.0,763.0
1220,2016-03-24,1291 days,126,5,-80.0,760.0
1222,2016-03-25,1292 days,127,5,-81.0,760.0
1221,2016-03-26,1293 days,127,5,-81.0,758.0
1223,2016-03-27,1294 days,128,5,-79.0,758.0
1224,2016-03-28,1295 days,128,5,-79.0,757.0
1226,2016-03-29,1296 days,129,5,-79.0,756.0
1225,2016-03-30,1297 days,129,5,-80.0,755.0
1229,2016-03-31,1298 days,130,5,-79.0,755.0
1228,2016-04-01,1299 days,130,5,-80.0,753.0
1227,2016-04-02,1300 days,131,5,-79.0,752.0
1230,2016-04-03,1301 days,131,5,-78.0,752.0
1231,2016-04-04,1302 days,132,5,-80.0,751.0
1232,2016-04-05,1303 days,132,5,-78.0,751.0
1233,2016-04-06,1304 days,133,5,-80.0,750.0
1235,2016-04-07,1305 days,133,5,-80.0,749.0
1234,2016-04-08,1306 days,134,5,-79.0,748.0
1236,2016-04-10,1307 days,134,5,-80.0,748.0
1237,2016-04-11,1308 days,135,5,-81.0,748.0
1238,2016-04-12,1309 days,135,5,-81.0,747.0
1239,2016-04-13,1310 days,136,5,-76.0,745.0
1240,2016-04-14,1311 days,136,5,-78.0,745.0
1243,2016-04-15,1312 days,137,5,-77.0,745.0
1241,2016-04-16,1313 days,137,5,-77.0,745.0
1242,2016-04-17,1314 days,138,5,-78.0,744.0
1244,2016-04-18,1315 days,138,5,-77.0,744.0
1245,2016-04-19,1316 days,139,5,-80.0,744.0
1246,2016-04-20,1317 days,139,5,-80.0,743.0
1247,2016-04-21,1318 days,140,5,-80.0,743.0
1248,2016-04-22,1319 days,140,5,-78.0,742.0
1250,2016-04-23,1320 days,141,5,-77.0,741.0
1249,2016-04-24,1321 days,141,5,-77.0,740.0
1251,2016-04-25,1322 days,142,5,-78.0,740.0
1252,2016-04-26,1323 days,142,5,-77.0,738.0
1253,2016-04-27,1324 days,143,5,-78.0,738.0
1256,2016-04-28,1325 days,144,5,-78.0,738.0
1254,2016-04-29,1326 days,144,5,-77.0,738.0
1255,2016-04-30,1327 days,145,5,-76.0,736.0
1257,2016-05-01,1328 days,145,5,-77.0,735.0
1258,2016-05-02,1329 days,146,5,-74.0,735.0
1259,2016-05-03,1330 days,146,5,-78.0,734.0
1260,2016-05-04,1331 days,147,5,-76.0,734.0
1262,2016-05-05,1332 days,147,5,-78.0,734.0
1263,2016-05-06,1333 days,148,5,-76.0,733.0
1261,2016-05-07,1334 days,148,5,-77.0,732.0
1264,2016-05-08,1335 days,149,5,-77.0,732.0
1265,2016-05-09,1336 days,149,5,-75.0,732.0
1266,2016-05-10,1337 days,150,6,-76.0,734.0
1267,2016-05-11,1338 days,150,6,-75.0,734.0
1268,2016-05-12,1339 days,151,6,-77.0,733.0
1269,2016-05-13,1340 days,151,6,-76.0,734.0
1270,2016-05-14,1341 days,152,6,-76.0,735.0
1271,2016-05-15,1342 days,152,6,-80.0,735.0
1272,2016-05-17,1343 days,153,6,-74.0,735.0
1273,2016-05-18,1344 days,153,6,-75.0,734.0
1276,2016-05-19,1345 days,154,6,-75.0,735.0
1274,2016-05-20,1346 days,155,6,-75.0,737.0
1277,2016-05-21,1347 days,155,6,-75.0,736.0
1275,2016-05-22,1348 days,156,6,-76.0,735.0
1278,2016-05-23,1349 days,156,6,-73.0,737.0
1279,2016-05-24,1350 days,157,6,-73.0,738.0
1280,2016-05-25,1351 days,157,6,-72.0,739.0
1283,2016-05-26,1352 days,158,6,-73.0,736.0
1281,2016-05-27,1353 days,158,6,-76.0,737.0
1282,2016-05-28,1354 days,159,6,-75.0,739.0
1284,2016-05-29,1355 days,159,6,-75.0,740.0
1286,2016-05-30,1356 days,160,6,-74.0,739.0
1285,2016-05-31,1357 days,160,6,-72.0,738.0
1287,2016-06-01,1358 days,161,6,-74.0,738.0
1288,2016-06-02,1359 days,162,6,-76.0,739.0
1289,2016-06-03,1360 days,162,6,-76.0,739.0
1290,2016-06-04,1361 days,163,6,-75.0,739.0
1291,2016-06-05,1362 days,163,6,-74.0,739.0
1292,2016-06-06,1363 days,164,6,-75.0,740.0
1293,2016-06-07,1364 days,164,6,-74.0,740.0
1294,2016-06-08,1365 days,165,6,-74.0,739.0
1295,2016-06-09,1366 days,165,6,-75.0,740.0
1296,2016-06-10,1367 days,166,6,-74.0,743.0
1297,2016-06-11,1368 days,167,6,-74.0,743.0
1299,2016-06-12,1369 days,167,6,-73.0,742.0
1298,2016-06-13,1370 days,168,6,-74.0,744.0
1301,2016-06-14,1371 days,168,6,-75.0,746.0
1300,2016-06-15,1372 days,169,6,-74.0,745.0
1303,2016-06-16,1373 days,169,6,-74.0,746.0
1302,2016-06-17,1374 days,170,6,-75.0,748.0
1304,2016-06-18,1375 days,170,6,-73.0,749.0
1305,2016-06-19,1376 days,171,6,-75.0,749.0
1306,2016-06-20,1377 days,172,6,-76.0,749.0
1308,2016-06-21,1378 days,172,6,-76.0,751.0
1307,2016-06-23,1379 days,173,6,-77.0,751.0
1311,2016-06-24,1380 days,173,6,-74.0,751.0
1309,2016-06-25,1381 days,174,6,-73.0,751.0
1310,2016-06-26,1382 days,174,6,-76.0,752.0
1312,2016-06-27,1383 days,175,6,-73.0,752.0
1313,2016-06-28,1384 days,176,6,-74.0,753.0
1314,2016-06-29,1385 days,176,6,-75.0,755.0
1315,2016-06-30,1386 days,177,6,-74.0,755.0
1316,2016-07-01,1387 days,177,6,-74.0,755.0
1317,2016-07-02,1388 days,178,6,-73.0,756.0
1318,2016-07-12,1398 days,184,7,-66.0,751.0
1319,2016-07-13,1399 days,184,7,-73.0,770.0
1322,2016-07-14,1400 days,185,7,-73.0,770.0
1321,2016-07-15,1401 days,185,7,-73.0,770.0
1320,2016-07-16,1402 days,186,7,-75.0,771.0
1323,2016-07-17,1403 days,187,7,-75.0,771.0
1324,2016-07-18,1404 days,187,7,-75.0,774.0
1325,2016-07-19,1405 days,188,7,-75.0,775.0
1328,2016-07-20,1406 days,188,7,-76.0,775.0
1329,2016-07-21,1407 days,189,7,-74.0,779.0
1327,2016-07-22,1408 days,190,7,-75.0,779.0
1326,2016-07-23,1409 days,190,7,-74.0,781.0
1330,2016-07-24,1410 days,191,7,-72.0,782.0
1331,2016-07-25,1411 days,191,7,-72.0,782.0
1333,2016-07-26,1412 days,192,7,-78.0,784.0
1332,2016-07-27,1413 days,193,7,-72.0,784.0
1336,2016-07-28,1414 days,193,7,-73.0,785.0
1334,2016-07-29,1415 days,194,7,-72.0,787.0
1335,2016-07-31,1416 days,194,7,-72.0,791.0
1337,2016-08-01,1417 days,195,7,-70.0,791.0
1338,2016-08-02,1418 days,196,7,-73.0,793.0
1339,2016-08-03,1419 days,196,7,-73.0,793.0
1340,2016-08-04,1420 days,197,7,-71.0,793.0
1343,2016-08-05,1421 days,197,7,-72.0,797.0
1342,2016-08-06,1422 days,198,7,-72.0,798.0
1341,2016-08-07,1423 days,199,7,-71.0,800.0
1344,2016-08-08,1424 days,199,7,-72.0,803.0
1345,2016-08-09,1425 days,200,7,-72.0,804.0
1346,2016-08-10,1426 days,200,7,-71.0,803.0
1347,2016-08-11,1427 days,201,7,-72.0,807.0
1348,2016-08-12,1428 days,202,7,-72.0,808.0
1349,2016-08-13,1429 days,202,7,-70.0,810.0
1351,2016-08-14,1430 days,203,7,-69.0,810.0
1350,2016-08-15,1431 days,204,7,-69.0,811.0
1352,2016-08-16,1432 days,204,7,-71.0,813.0
1353,2016-08-17,1433 days,205,7,-70.0,818.0
1356,2016-08-18,1434 days,205,7,-70.0,818.0
1355,2016-08-19,1435 days,206,7,-71.0,823.0
1354,2016-08-20,1436 days,207,7,-72.0,825.0
1357,2016-08-21,1437 days,207,7,-71.0,821.0
1358,2016-08-22,1438 days,208,7,-68.0,823.0
1360,2016-08-23,1439 days,208,7,-71.0,828.0
1359,2016-08-24,1440 days,209,7,-70.0,828.0
1361,2016-08-25,1441 days,210,8,-74.0,828.0
1362,2016-08-26,1442 days,210,8,-68.0,829.0
1363,2016-08-27,1443 days,211,8,-69.0,831.0
1364,2016-08-28,1444 days,212,8,-69.0,833.0
1365,2016-08-29,1445 days,212,8,-69.0,836.0
1366,2016-08-30,1446 days,213,8,-70.0,841.0
1367,2016-08-31,1447 days,214,8,-74.0,841.0
1369,2016-09-01,1448 days,214,8,-69.0,841.0
1368,2016-09-02,1449 days,215,8,-71.0,841.0
1370,2016-09-03,1450 days,215,8,-69.0,842.0
1371,2016-09-04,1451 days,216,8,-71.0,842.0
1373,2016-09-06,1452 days,217,8,-74.0,845.0
1372,2016-09-07,1453 days,217,8,-73.0,850.0
1374,2016-09-08,1454 days,218,8,-69.0,854.0
1377,2016-09-09,1455 days,219,8,-70.0,858.0
1376,2016-09-10,1456 days,219,8,-69.0,859.0
1375,2016-09-11,1457 days,220,8,-69.0,860.0
1378,2016-09-12,1458 days,220,8,-69.0,859.0
1379,2016-09-13,1459 days,221,8,-71.0,861.0
1380,2016-09-14,1460 days,222,8,-70.0,865.0
1382,2016-09-15,1461 days,222,8,-69.0,870.0
1381,2016-09-16,1462 days,223,8,-68.0,871.0
1383,2016-09-17,1463 days,224,8,-68.0,871.0
1384,2016-09-18,1464 days,224,8,-71.0,871.0
1385,2016-09-19,1465 days,225,8,-68.0,870.0
1386,2016-09-20,1466 days,226,8,-67.0,873.0
1387,2016-09-21,1467 days,226,8,-69.0,877.0
1388,2016-09-22,1468 days,227,8,-70.0,879.0
1389,2016-09-23,1469 days,228,8,-72.0,881.0
1391,2016-09-24,1470 days,228,8,-70.0,879.0
1392,2016-09-25,1471 days,229,8,-71.0,880.0
1390,2016-09-26,1472 days,229,8,-68.0,879.0
1393,2016-09-27,1473 days,230,8,-67.0,881.0
1394,2016-09-28,1474 days,231,8,-68.0,889.0
1396,2016-09-29,1475 days,231,8,-72.0,890.0
1395,2016-09-30,1476 days,232,8,-69.0,888.0
1397,2016-10-01,1477 days,233,8,-72.0,888.0
1399,2016-10-02,1478 days,233,8,-68.0,887.0
1398,2016-10-03,1479 days,234,8,-66.0,890.0
1400,2016-10-04,1480 days,235,8,-68.0,893.0
1401,2016-10-05,1481 days,235,8,-70.0,893.0
1403,2016-10-06,1482 days,236,8,-68.0,893.0
1402,2016-10-07,1483 days,237,8,-68.0,892.0
1404,2016-10-08,1484 days,237,8,-68.0,895.0
1405,2016-10-09,1485 days,238,8,-71.0,899.0
1406,2016-10-10,1486 days,239,8,-71.0,901.0
1407,2016-10-11,1487 days,239,8,-68.0,901.0
1408,2016-10-12,1488 days,240,9,-69.0,902.0
1410,2016-10-14,1489 days,240,9,-68.0,903.0
1411,2016-10-15,1490 days,241,9,-66.0,904.0
1409,2016-10-16,1491 days,242,9,-69.0,906.0
1412,2016-10-17,1492 days,242,9,-68.0,910.0
1413,2016-10-18,1493 days,243,9,-70.0,905.0
1414,2016-10-19,1494 days,244,9,-70.0,904.0
1416,2016-10-20,1495 days,244,9,-71.0,903.0
1415,2016-10-21,1496 days,245,9,-72.0,906.0
1417,2016-10-22,1497 days,246,9,-68.0,909.0
1418,2016-10-23,1498 days,246,9,-68.0,907.0
1419,2016-10-24,1499 days,247,9,-69.0,903.0
1420,2016-10-25,1500 days,248,9,-70.0,903.0
1421,2016-10-26,1501 days,248,9,-69.0,903.0
1422,2016-10-27,1502 days,249,9,-69.0,907.0
1424,2016-10-28,1503 days,250,9,-70.0,909.0
1423,2016-10-29,1504 days,250,9,-69.0,910.0
1425,2016-10-30,1505 days,251,9,-69.0,906.0
1426,2016-10-31,1506 days,252,9,-71.0,907.0
1427,2016-11-01,1507 days,252,9,-70.0,907.0
1428,2016-11-02,1508 days,253,9,-70.0,907.0
1430,2016-11-03,1509 days,254,9,-70.0,910.0
1431,2016-11-04,1510 days,254,9,-70.0,908.0
1429,2016-11-05,1511 days,255,9,-77.0,908.0
1432,2016-11-06,1512 days,255,9,-78.0,906.0
1433,2016-11-07,1513 days,256,9,-74.0,907.0
1434,2016-11-08,1514 days,257,9,-73.0,906.0
1435,2016-11-09,1515 days,257,9,-76.0,906.0
1436,2016-11-10,1516 days,258,9,-71.0,909.0
1437,2016-11-11,1517 days,259,9,-76.0,911.0
1438,2016-11-12,1518 days,259,9,-78.0,909.0
1440,2016-11-13,1519 days,260,9,-72.0,906.0
1439,2016-11-14,1520 days,261,9,-73.0,905.0
1441,2016-11-15,1521 days,261,9,-71.0,905.0
1442,2016-11-16,1522 days,262,9,-71.0,905.0
1443,2016-11-17,1523 days,263,9,-77.0,905.0
1444,2016-11-18,1524 days,263,9,-76.0,904.0
1445,2016-11-20,1525 days,264,9,-74.0,902.0
1446,2016-11-21,1526 days,265,9,-72.0,900.0
1449,2016-11-22,1527 days,265,9,-71.0,900.0
1450,2016-11-23,1528 days,266,9,-72.0,898.0
1451,2016-11-24,1529 days,267,9,-73.0,900.0
1452,2016-11-25,1530 days,267,9,-71.0,899.0
1447,2016-11-26,1531 days,268,9,-76.0,900.0
1448,2016-11-27,1532 days,268,9,-72.0,900.0
1453,2016-11-28,1533 days,269,9,-72.0,896.0
1454,2016-11-29,1534 days,270,10,-73.0,898.0
1455,2016-11-30,1535 days,270,10,-73.0,900.0
1456,2016-12-01,1536 days,271,10,-71.0,901.0
1458,2016-12-02,1537 days,272,10,-74.0,900.0
1457,2016-12-03,1538 days,272,10,-73.0,898.0
1459,2016-12-04,1539 days,273,10,-74.0,896.0
1460,2016-12-05,1540 days,274,10,-72.0,896.0
1461,2016-12-06,1541 days,274,10,-76.0,895.0
1462,2016-12-07,1542 days,275,10,-73.0,895.0
1464,2016-12-08,1543 days,276,10,-74.0,896.0
1463,2016-12-09,1544 days,276,10,-71.0,894.0
1465,2016-12-10,1545 days,277,10,-73.0,891.0
1467,2016-12-11,1546 days,277,10,-73.0,889.0
1466,2016-12-12,1547 days,278,10,-75.0,887.0
1468,2016-12-13,1548 days,279,10,-76.0,887.0
1469,2016-12-14,1549 days,279,10,-76.0,887.0
1472,2016-12-15,1550 days,280,10,-71.0,888.0
1471,2016-12-16,1551 days,281,10,-71.0,886.0
1470,2016-12-17,1552 days,281,10,-74.0,886.0
1474,2016-12-18,1553 days,282,10,-77.0,884.0
1473,2016-12-19,1554 days,283,10,-70.0,882.0
1477,2016-12-20,1555 days,283,10,-71.0,883.0
1478,2016-12-21,1556 days,284,10,-72.0,883.0
1475,2016-12-22,1557 days,284,10,-70.0,883.0
1476,2016-12-23,1558 days,285,10,-72.0,880.0
1484,2016-12-24,1559 days,286,10,-76.0,879.0
1482,2016-12-25,1560 days,286,10,-76.0,877.0
1485,2016-12-27,1561 days,287,10,-77.0,877.0
1479,2016-12-28,1562 days,288,10,-73.0,877.0
1483,2016-12-29,1563 days,288,10,-75.0,879.0
1481,2016-12-30,1564 days,289,10,-70.0,877.0
1480,2016-12-31,1565 days,290,10,-72.0,874.0
1487,2017-01-01,1566 days,290,10,-76.0,876.0
1486,2017-01-02,1567 days,291,10,-70.0,872.0
1488,2017-01-03,1568 days,291,10,-71.0,876.0
1492,2017-01-04,1569 days,292,10,-70.0,873.0
1491,2017-01-05,1570 days,293,10,-71.0,873.0
1490,2017-01-06,1571 days,293,10,-70.0,873.0
1489,2017-01-07,1572 days,294,10,-81.0,869.0
1493,2017-01-08,1573 days,295,10,-74.0,872.0
1495,2017-01-09,1574 days,295,10,-72.0,868.0
1494,2017-01-10,1575 days,296,10,-73.0,871.0
1496,2017-01-11,1576 days,296,10,-72.0,869.0
1498,2017-01-12,1577 days,297,10,-72.0,866.0
1499,2017-01-13,1578 days,298,10,-74.0,868.0
1500,2017-01-14,1579 days,298,10,-73.0,862.0
1497,2017-01-15,1580 days,299,10,-72.0,867.0
1501,2017-01-16,1581 days,299,10,-72.0,862.0
1503,2017-01-17,1582 days,300,11,-74.0,862.0
1502,2017-01-18,1583 days,301,11,-75.0,862.0
1505,2017-01-19,1584 days,301,11,-77.0,860.0
1506,2017-01-20,1585 days,302,11,-76.0,864.0
1504,2017-01-21,1586 days,303,11,-72.0,858.0
1508,2017-01-22,1587 days,303,11,-73.0,860.0
1507,2017-01-23,1588 days,304,11,-72.0,858.0
1510,2017-01-24,1589 days,304,11,-72.0,857.0
1509,2017-01-25,1590 days,305,11,-76.0,860.0
1512,2017-01-26,1591 days,306,11,-73.0,852.0
1511,2017-01-27,1592 days,306,11,-71.0,857.0
1513,2017-01-28,1593 days,307,11,-72.0,852.0
1514,2017-01-29,1594 days,307,11,-74.0,855.0
1515,2017-01-30,1595 days,308,11,-71.0,855.0
1516,2017-01-31,1596 days,309,11,-74.0,850.0
1517,2017-02-01,1597 days,309,11,-73.0,855.0
1519,2017-02-03,1598 days,310,11,-70.0,849.0
1518,2017-02-04,1599 days,310,11,-72.0,853.0
1520,2017-02-05,1600 days,311,11,-71.0,850.0
1522,2017-02-06,1601 days,312,11,-71.0,853.0
1521,2017-02-07,1602 days,312,11,-77.0,852.0
1523,2017-02-08,1603 days,313,11,-76.0,847.0
1524,2017-02-09,1604 days,313,11,-77.0,850.0
1526,2017-02-10,1605 days,314,11,-73.0,846.0
1525,2017-02-11,1606 days,315,11,-75.0,850.0
1528,2017-02-12,1607 days,315,11,-77.0,846.0
1527,2017-02-13,1608 days,316,11,-72.0,847.0
1529,2017-02-14,1609 days,316,11,-71.0,847.0
1534,2017-02-18,1613 days,319,11,-72.0,846.0
1533,2017-02-19,1614 days,319,11,-73.0,837.0
1536,2017-02-20,1615 days,320,11,-73.0,842.0
1535,2017-02-21,1616 days,320,11,-73.0,848.0
1537,2017-02-22,1617 days,321,11,-72.0,840.0
1540,2017-02-23,1618 days,322,11,-71.0,845.0
1538,2017-02-24,1619 days,322,11,-73.0,841.0
1539,2017-02-25,1620 days,323,11,-70.0,844.0
1541,2017-02-26,1621 days,323,11,-73.0,842.0
1542,2017-02-27,1622 days,324,11,-71.0,841.0
1544,2017-02-28,1623 days,324,11,-71.0,840.0
1543,2017-03-01,1624 days,325,11,-72.0,837.0
1546,2017-03-02,1625 days,326,11,-71.0,839.0
1545,2017-03-03,1626 days,326,11,-71.0,839.0
1547,2017-03-04,1627 days,327,11,-72.0,838.0
1549,2017-03-05,1628 days,327,11,-71.0,839.0
1548,2017-03-06,1629 days,328,11,-74.0,837.0
1551,2017-03-07,1630 days,328,11,-77.0,838.0
1550,2017-03-08,1631 days,329,11,-77.0,837.0
1552,2017-03-09,1632 days,330,12,-72.0,836.0
1554,2017-03-10,1633 days,330,12,-75.0,834.0
1553,2017-03-12,1634 days,331,12,-72.0,834.0
1555,2017-03-13,1635 days,331,12,-73.0,833.0
1556,2017-03-14,1636 days,332,12,-72.0,834.0
1557,2017-03-15,1637 days,332,12,-73.0,833.0
1559,2017-03-16,1638 days,333,12,-73.0,833.0
1558,2017-03-17,1639 days,334,12,-71.0,832.0
1561,2017-03-18,1640 days,334,12,-72.0,832.0
1560,2017-03-19,1641 days,335,12,-72.0,831.0
1564,2017-03-20,1642 days,335,12,-72.0,829.0
1563,2017-03-21,1643 days,336,12,-74.0,832.0
1562,2017-03-22,1644 days,336,12,-74.0,832.0
1567,2017-03-23,1645 days,337,12,-74.0,832.0
1565,2017-03-24,1646 days,337,12,-74.0,831.0
1566,2017-03-25,1647 days,338,12,-73.0,831.0
1568,2017-03-26,1648 days,339,12,-73.0,830.0
1569,2017-03-27,1649 days,339,12,-74.0,830.0
1570,2017-03-28,1650 days,340,12,-75.0,833.0
1571,2017-03-29,1651 days,340,12,-77.0,833.0
1572,2017-03-30,1652 days,341,12,-76.0,834.0
1573,2017-03-31,1653 days,341,12,-75.0,833.0
1575,2017-04-01,1654 days,342,12,-75.0,829.0
1574,2017-04-02,1655 days,342,12,-76.0,831.0
1576,2017-04-03,1656 days,343,12,-75.0,832.0
1578,2017-04-04,1657 days,343,12,-75.0,836.0
1577,2017-04-05,1658 days,344,12,-77.0,835.0
1579,2017-04-06,1659 days,345,12,-77.0,832.0
1581,2017-04-07,1660 days,345,12,-74.0,832.0
1580,2017-04-08,1661 days,346,12,-75.0,831.0
1583,2017-04-09,1662 days,346,12,-75.0,831.0
1584,2017-04-10,1663 days,347,12,-74.0,832.0
1586,2017-04-11,1664 days,347,12,-74.0,832.0
1585,2017-04-12,1665 days,348,12,-76.0,833.0
1582,2017-04-13,1666 days,348,12,-76.0,834.0
1588,2017-04-14,1667 days,349,12,-76.0,833.0
1587,2017-04-15,1668 days,349,12,-77.0,831.0
1589,2017-04-16,1669 days,350,12,-74.0,833.0
1590,2017-04-18,1670 days,350,12,-76.0,834.0
1591,2017-04-19,1671 days,351,12,-76.0,832.0
1592,2017-04-20,1672 days,351,12,-74.0,833.0
1594,2017-04-21,1673 days,352,12,-75.0,836.0
1593,2017-04-22,1674 days,352,12,-75.0,835.0
1595,2017-04-23,1675 days,353,12,-75.0,835.0
1596,2017-04-24,1676 days,354,12,-76.0,837.0
1597,2017-04-25,1677 days,354,12,-74.0,835.0
1598,2017-04-26,1678 days,355,12,-74.0,836.0
1599,2017-04-27,1679 days,355,12,-75.0,836.0
1601,2017-04-28,1680 days,356,12,-74.0,835.0
1602,2017-04-29,1681 days,356,12,-74.0,837.0
1603,2017-04-30,1682 days,357,12,-76.0,839.0
1600,2017-05-01,1683 days,357,12,-75.0,837.0
1604,2017-05-02,1684 days,358,12,-75.0,837.0
1605,2017-05-03,1685 days,358,12,-77.0,838.0
1607,2017-05-04,1686 days,359,12,-75.0,838.0
1608,2017-05-05,1687 days,359,12,-75.0,838.0
1606,2017-05-06,1688 days,0,1,-76.0,840.0
1610,2017-05-07,1689 days,0,1,-75.0,840.0
1609,2017-05-08,1690 days,1,1,-76.0,840.0
1614,2017-05-10,1692 days,2,1,-62.0,820.0
1612,2017-05-11,1693 days,2,1,-76.0,840.0
1613,2017-05-12,1694 days,3,1,-76.0,840.0
1611,2017-05-13,1695 days,3,1,-77.0,840.0
1615,2017-05-14,1696 days,4,1,-75.0,841.0
1616,2017-05-15,1697 days,4,1,-77.0,841.0
1618,2017-05-16,1698 days,5,1,-77.0,842.0
1617,2017-05-17,1699 days,5,1,-76.0,843.0
1619,2017-05-18,1700 days,6,1,-76.0,842.0
1620,2017-05-19,1701 days,6,1,-76.0,841.0
1621,2017-05-20,1702 days,7,1,-75.0,842.0
1622,2017-05-21,1703 days,7,1,-76.0,843.0
1625,2017-05-22,1704 days,8,1,-77.0,844.0
1623,2017-05-23,1705 days,8,1,-76.0,845.0
1624,2017-05-24,1706 days,9,1,-77.0,845.0
1627,2017-05-26,1707 days,9,1,-77.0,846.0
1626,2017-05-27,1708 days,10,1,-76.0,846.0
1628,2017-05-28,1709 days,10,1,-76.0,847.0
1629,2017-05-29,1710 days,11,1,-76.0,848.0
1631,2017-05-30,1711 days,11,1,-75.0,848.0
1630,2017-05-31,1712 days,12,1,-77.0,849.0
1635,2017-06-01,1713 days,12,1,-75.0,850.0
1633,2017-06-02,1714 days,13,1,-77.0,849.0
1634,2017-06-03,1715 days,13,1,-77.0,851.0
1632,2017-06-04,1716 days,14,1,-76.0,850.0
1636,2017-06-05,1717 days,14,1,-76.0,851.0
1637,2017-06-06,1718 days,15,1,-77.0,852.0
1639,2017-06-07,1719 days,15,1,-77.0,853.0
1638,2017-06-08,1720 days,16,1,-76.0,853.0
1641,2017-06-09,1721 days,16,1,-76.0,852.0
1640,2017-06-10,1722 days,17,1,-77.0,854.0
1642,2017-06-11,1723 days,17,1,-76.0,854.0
1643,2017-06-12,1724 days,18,1,-77.0,856.0
1644,2017-06-13,1725 days,18,1,-79.0,857.0
1645,2017-06-14,1726 days,19,1,-76.0,855.0
1647,2017-06-15,1727 days,19,1,-75.0,855.0
1648,2017-06-16,1728 days,20,1,-76.0,855.0
1646,2017-06-17,1729 days,20,1,-76.0,858.0
1650,2017-06-18,1730 days,21,1,-77.0,858.0
1649,2017-06-19,1731 days,21,1,-78.0,857.0
1651,2017-06-20,1732 days,22,1,-78.0,858.0
1652,2017-06-21,1733 days,22,1,-77.0,859.0
1655,2017-06-22,1734 days,23,1,-78.0,859.0
1653,2017-06-23,1735 days,23,1,-78.0,861.0
1654,2017-06-24,1736 days,23,1,-77.0,860.0
1656,2017-06-25,1737 days,24,1,-78.0,861.0
1657,2017-06-26,1738 days,24,1,-78.0,861.0
1658,2017-06-27,1739 days,25,1,-77.0,861.0
1662,2017-06-28,1740 days,25,1,-78.0,861.0
1659,2017-06-29,1741 days,26,1,-78.0,863.0
1661,2017-06-30,1742 days,26,1,-77.0,865.0
1660,2017-07-02,1743 days,27,1,-78.0,863.0
1663,2017-07-03,1744 days,27,1,-78.0,863.0
1664,2017-07-04,1745 days,28,1,-78.0,865.0
1665,2017-07-05,1746 days,28,1,-76.0,866.0
1666,2017-07-06,1747 days,29,1,-79.0,866.0
1668,2017-07-07,1748 days,29,1,-79.0,867.0
1667,2017-07-08,1749 days,30,2,-76.0,867.0
1669,2017-07-09,1750 days,30,2,-77.0,867.0
1670,2017-07-10,1751 days,31,2,-78.0,867.0
1671,2017-07-11,1752 days,31,2,-80.0,867.0
1672,2017-07-12,1753 days,32,2,-76.0,868.0
1673,2017-07-13,1754 days,32,2,-78.0,870.0
1674,2017-07-14,1755 days,32,2,-77.0,870.0
1675,2017-07-15,1756 days,33,2,-78.0,871.0
1676,2017-07-16,1757 days,33,2,-78.0,871.0
1677,2017-07-17,1758 days,34,2,-78.0,871.0
1678,2017-07-18,1759 days,34,2,-77.0,871.0
1679,2017-07-19,1760 days,35,2,-78.0,872.0
1684,2017-07-20,1761 days,35,2,-77.0,872.0
1687,2017-07-21,1762 days,36,2,-77.0,872.0
1680,2017-07-22,1763 days,36,2,-78.0,873.0
1682,2017-07-23,1764 days,37,2,-79.0,872.0
1690,2017-07-24,1765 days,37,2,-77.0,873.0
1688,2017-07-25,1766 days,38,2,-79.0,873.0
1691,2017-07-26,1767 days,38,2,-77.0,874.0
1683,2017-07-27,1768 days,39,2,-78.0,875.0
1689,2017-07-28,1769 days,39,2,-76.0,875.0
1686,2017-07-29,1770 days,39,2,-79.0,875.0
1692,2017-07-30,1771 days,40,2,-79.0,876.0
1681,2017-07-31,1772 days,40,2,-78.0,876.0
1685,2017-08-01,1773 days,41,2,-78.0,876.0
1693,2017-08-02,1774 days,41,2,-79.0,877.0
1694,2017-08-03,1775 days,42,2,-80.0,877.0
1696,2017-08-04,1776 days,42,2,-79.0,877.0
1695,2017-08-05,1777 days,43,2,-79.0,877.0
1697,2017-08-06,1778 days,43,2,-81.0,877.0
1698,2017-08-07,1779 days,44,2,-78.0,878.0
1699,2017-08-09,1780 days,44,2,-77.0,879.0
1700,2017-08-10,1781 days,45,2,-78.0,879.0
1701,2017-08-11,1782 days,45,2,-78.0,878.0
1703,2017-08-12,1783 days,45,2,-79.0,879.0
1702,2017-08-13,1784 days,46,2,-80.0,883.0
1704,2017-08-14,1785 days,46,2,-77.0,881.0
1705,2017-08-16,1787 days,47,2,-79.0,881.0
1706,2017-08-17,1788 days,48,2,-79.0,881.0
1708,2017-08-18,1789 days,48,2,-79.0,881.0
1707,2017-08-19,1790 days,49,2,-81.0,882.0
1709,2017-08-20,1791 days,49,2,-79.0,882.0
1710,2017-08-21,1792 days,50,2,-80.0,883.0
1711,2017-08-22,1793 days,50,2,-80.0,883.0
1712,2017-08-23,1794 days,50,2,-80.0,883.0
1714,2017-08-24,1795 days,51,2,-81.0,882.0
1715,2017-08-25,1796 days,51,2,-80.0,883.0
1713,2017-08-26,1797 days,52,2,-79.0,884.0
1716,2017-08-27,1798 days,52,2,-79.0,883.0
1717,2017-08-28,1799 days,53,2,-78.0,883.0
1718,2017-08-29,1800 days,53,2,-80.0,883.0
1719,2017-08-30,1801 days,54,2,-80.0,882.0
1722,2017-08-31,1802 days,54,2,-79.0,882.0
1723,2017-09-01,1803 days,55,2,-78.0,882.0
1720,2017-09-02,1804 days,55,2,-78.0,883.0
1721,2017-09-03,1805 days,55,2,-78.0,883.0
1724,2017-09-04,1806 days,56,2,-80.0,884.0
1725,2017-09-05,1807 days,56,2,-78.0,884.0
1726,2017-09-06,1808 days,57,2,-79.0,884.0
1728,2017-09-07,1809 days,57,2,-80.0,884.0
1729,2017-09-08,1810 days,58,2,-78.0,883.0
1727,2017-09-09,1811 days,58,2,-79.0,882.0
1730,2017-09-10,1812 days,59,2,-79.0,882.0
1731,2017-09-11,1813 days,59,2,-80.0,881.0
1732,2017-09-12,1814 days,59,2,-80.0,881.0
1733,2017-09-13,1815 days,60,3,-81.0,881.0
1734,2017-09-15,1816 days,60,3,-82.0,882.0
1735,2017-09-16,1817 days,61,3,-80.0,882.0
1736,2017-09-17,1818 days,61,3,-81.0,881.0
1737,2017-09-18,1819 days,62,3,-82.0,880.0
1738,2017-09-19,1820 days,62,3,-79.0,881.0
1740,2017-09-20,1821 days,63,3,-81.0,882.0
1739,2017-09-21,1822 days,63,3,-78.0,881.0
1743,2017-09-22,1823 days,64,3,-80.0,879.0
1742,2017-09-23,1824 days,64,3,-80.0,879.0
1741,2017-09-24,1825 days,64,3,-80.0,878.0
1744,2017-09-25,1826 days,65,3,-80.0,878.0
1745,2017-09-26,1827 days,65,3,-80.0,879.0
1746,2017-09-27,1828 days,66,3,-80.0,878.0
1749,2017-09-28,1829 days,66,3,-78.0,877.0
1748,2017-09-29,1830 days,67,3,-80.0,877.0
1747,2017-09-30,1831 days,67,3,-80.0,876.0
1750,2017-10-01,1832 days,68,3,-84.0,875.0
1751,2017-10-02,1833 days,68,3,-81.0,875.0
1752,2017-10-03,1834 days,68,3,-80.0,875.0
1753,2017-10-04,1835 days,69,3,-80.0,873.0
1755,2017-10-05,1836 days,69,3,-81.0,873.0
1756,2017-10-06,1837 days,70,3,-81.0,872.0
1754,2017-10-07,1838 days,70,3,-79.0,872.0
1757,2017-10-08,1839 days,71,3,-80.0,872.0
1758,2017-10-09,1840 days,71,3,-77.0,871.0
1759,2017-10-10,1841 days,72,3,-77.0,870.0
1761,2017-10-11,1842 days,72,3,-79.0,869.0
1760,2017-10-12,1843 days,72,3,-80.0,869.0
1762,2017-10-13,1844 days,73,3,-81.0,869.0
1763,2017-10-14,1845 days,73,3,-80.0,868.0
1765,2017-10-15,1846 days,74,3,-80.0,868.0
1764,2017-10-16,1847 days,74,3,-80.0,866.0
1766,2017-10-17,1848 days,75,3,-80.0,865.0
1770,2017-10-18,1849 days,75,3,-80.0,864.0
1768,2017-10-19,1850 days,76,3,-80.0,864.0
1767,2017-10-20,1851 days,76,3,-87.0,864.0
1769,2017-10-22,1852 days,77,3,-80.0,863.0
1771,2017-10-23,1853 days,77,3,-80.0,862.0
1772,2017-10-24,1854 days,77,3,-80.0,861.0
1773,2017-10-25,1855 days,78,3,-78.0,861.0
1774,2017-10-26,1856 days,78,3,-80.0,859.0
1776,2017-10-27,1857 days,79,3,-80.0,858.0
1775,2017-10-28,1858 days,79,3,-81.0,857.0
1779,2017-10-29,1859 days,80,3,-79.0,857.0
1778,2017-10-30,1860 days,80,3,-80.0,857.0
1780,2017-10-31,1861 days,81,3,-79.0,855.0
1777,2017-11-01,1862 days,81,3,-81.0,854.0
1781,2017-11-02,1863 days,81,3,-80.0,853.0
1782,2017-11-03,1864 days,82,3,-82.0,852.0
1783,2017-11-04,1865 days,82,3,-80.0,852.0
1785,2017-11-05,1866 days,83,3,-80.0,850.0
1784,2017-11-06,1867 days,83,3,-78.0,848.0
1786,2017-11-07,1868 days,84,3,-80.0,848.0
1787,2017-11-08,1869 days,84,3,-81.0,846.0
1788,2017-11-09,1870 days,85,3,-81.0,845.0
1789,2017-11-10,1871 days,85,3,-80.0,844.0
1791,2017-11-11,1872 days,86,3,-79.0,843.0
1790,2017-11-12,1873 days,86,3,-79.0,842.0
1792,2017-11-13,1874 days,86,3,-80.0,840.0
1793,2017-11-14,1875 days,87,3,-79.0,839.0
1794,2017-11-15,1876 days,87,3,-79.0,838.0
1797,2017-11-16,1877 days,88,3,-79.0,837.0
1795,2017-11-17,1878 days,88,3,-79.0,835.0
1796,2017-11-18,1879 days,89,3,-79.0,834.0
1798,2017-11-19,1880 days,89,3,-79.0,833.0
1803,2017-11-20,1881 days,90,4,-79.0,832.0
1801,2017-11-21,1882 days,90,4,-78.0,831.0
1800,2017-11-22,1883 days,91,4,-78.0,830.0
1799,2017-11-23,1884 days,91,4,-79.0,829.0
1804,2017-11-24,1885 days,91,4,-79.0,827.0
1805,2017-11-25,1886 days,92,4,-79.0,826.0
1802,2017-11-26,1887 days,92,4,-79.0,824.0
1807,2017-11-27,1888 days,93,4,-79.0,823.0
1806,2017-11-29,1889 days,93,4,-80.0,822.0
1808,2017-11-30,1890 days,94,4,-79.0,821.0
1810,2017-12-01,1891 days,94,4,-80.0,819.0
1809,2017-12-02,1892 days,95,4,-81.0,817.0
1812,2017-12-03,1893 days,95,4,-79.0,816.0
1811,2017-12-04,1894 days,96,4,-79.0,815.0
1814,2017-12-05,1895 days,96,4,-78.0,814.0
1813,2017-12-06,1896 days,96,4,-79.0,812.0
1817,2017-12-07,1897 days,97,4,-80.0,811.0
1816,2017-12-08,1898 days,97,4,-81.0,810.0
1815,2017-12-09,1899 days,98,4,-81.0,808.0
1818,2017-12-10,1900 days,98,4,-81.0,807.0
1819,2017-12-11,1901 days,99,4,-81.0,806.0
1820,2017-12-12,1902 days,99,4,-79.0,804.0
1821,2017-12-13,1903 days,100,4,-78.0,803.0
1822,2017-12-14,1904 days,100,4,-79.0,801.0
1823,2017-12-15,1905 days,101,4,-80.0,800.0
1824,2017-12-16,1906 days,101,4,-79.0,799.0
1825,2017-12-17,1907 days,101,4,-79.0,798.0
1826,2017-12-18,1908 days,102,4,-79.0,796.0
1827,2017-12-19,1909 days,102,4,-80.0,795.0
1828,2017-12-20,1910 days,103,4,-80.0,794.0
1833,2017-12-21,1911 days,103,4,-79.0,792.0
1832,2017-12-22,1912 days,104,4,-80.0,791.0
1830,2017-12-23,1913 days,104,4,-79.0,791.0
1834,2017-12-24,1914 days,105,4,-78.0,790.0
1835,2017-12-25,1915 days,105,4,-78.0,788.0
1829,2017-12-26,1916 days,106,4,-79.0,787.0
1831,2017-12-27,1917 days,106,4,-80.0,786.0
1839,2017-12-28,1918 days,107,4,-77.0,784.0
1836,2017-12-29,1919 days,107,4,-77.0,783.0
1837,2017-12-30,1920 days,108,4,-77.0,782.0
1838,2017-12-31,1921 days,108,4,-78.0,781.0
1840,2018-01-01,1922 days,108,4,-79.0,780.0
1842,2018-01-02,1923 days,109,4,-77.0,778.0
1841,2018-01-03,1924 days,109,4,-78.0,777.0
1844,2018-01-05,1925 days,110,4,-79.0,777.0
1843,2018-01-06,1926 days,110,4,-80.0,775.0
1845,2018-01-07,1927 days,111,4,-79.0,774.0
1847,2018-01-08,1928 days,111,4,-78.0,773.0
1846,2018-01-09,1929 days,112,4,-79.0,771.0
1848,2018-01-10,1930 days,112,4,-79.0,770.0
1849,2018-01-11,1931 days,113,4,-79.0,770.0
1850,2018-01-12,1932 days,113,4,-79.0,768.0
1852,2018-01-13,1933 days,114,4,-78.0,767.0
1851,2018-01-14,1934 days,114,4,-79.0,766.0
1853,2018-01-15,1935 days,115,4,-80.0,765.0
1855,2018-01-16,1936 days,115,4,-79.0,764.0
1854,2018-01-17,1937 days,116,4,-80.0,763.0
1859,2018-01-18,1938 days,116,4,-78.0,762.0
1857,2018-01-19,1939 days,116,4,-78.0,760.0
1858,2018-01-20,1940 days,117,4,-77.0,759.0
1856,2018-01-21,1941 days,117,4,-77.0,758.0
1860,2018-01-22,1942 days,118,4,-78.0,757.0
1863,2018-01-23,1943 days,118,4,-78.0,756.0
1861,2018-01-24,1944 days,119,4,-80.0,755.0
1862,2018-01-25,1945 days,119,4,-78.0,754.0
1864,2018-01-26,1946 days,120,5,-79.0,753.0
1865,2018-01-27,1947 days,120,5,-78.0,751.0
1866,2018-01-28,1948 days,121,5,-78.0,752.0
1867,2018-01-29,1949 days,121,5,-78.0,751.0
1868,2018-01-30,1950 days,122,5,-79.0,750.0
1869,2018-01-31,1951 days,122,5,-77.0,749.0
1871,2018-02-01,1952 days,123,5,-80.0,748.0
1870,2018-02-02,1953 days,123,5,-78.0,747.0
1872,2018-02-03,1954 days,124,5,-77.0,745.0
1873,2018-02-04,1955 days,124,5,-77.0,745.0
1879,2018-02-05,1956 days,125,5,-79.0,744.0
1875,2018-02-06,1957 days,125,5,-77.0,742.0
1874,2018-02-07,1958 days,126,5,-77.0,741.0
1878,2018-02-08,1959 days,126,5,-78.0,740.0
1876,2018-02-09,1960 days,127,5,-78.0,740.0
1877,2018-02-11,1961 days,127,5,-77.0,740.0
1880,2018-02-12,1962 days,128,5,-78.0,738.0
1881,2018-02-13,1963 days,128,5,-77.0,737.0
1882,2018-02-14,1964 days,129,5,-76.0,736.0
1883,2018-02-15,1965 days,129,5,-76.0,735.0
1884,2018-02-16,1966 days,130,5,-77.0,735.0
1885,2018-02-17,1967 days,130,5,-76.0,734.0
1886,2018-02-18,1968 days,131,5,-76.0,732.0
1887,2018-02-19,1969 days,131,5,-76.0,732.0
1888,2018-02-20,1970 days,132,5,-77.0,731.0
1890,2018-02-21,1971 days,132,5,-78.0,731.0
1891,2018-02-22,1972 days,133,5,-78.0,730.0
1889,2018-02-23,1973 days,133,5,-78.0,730.0
1892,2018-02-24,1974 days,134,5,-77.0,729.0
1894,2018-02-25,1975 days,134,5,-76.0,729.0
1893,2018-02-26,1976 days,135,5,-77.0,728.0
1895,2018-02-27,1977 days,135,5,-77.0,727.0
